data;id_compra;loja;vendedor;produto;cliente_nome;cliente_genero;forma_pagamento
2025-09-27 19:05:05.895148;0;Rio de Janeiro;Pedro Souza;Fone de Ouvido Sony;Lois Sanderson;feminino;cartão de crédito
2025-09-27 20:31:12.317328;1;Rio de Janeiro;Pedro Souza;Notebook Dell Inspiron;Sanjuanita Walker;feminino;dinheiro
2025-09-27 22:33:05.336938;2;Porto Alegre;Roberto Ferreira;Tablet Apple Ipad;Warren Heald;masculino;pix
2025-09-27 22:50:12.853243;3;Porto Alegre;Roberto Ferreira;Smartphone Samsung Galaxy;Jay Mcconnell;masculino;boleto
2025-09-28 00:46:08.340100;4;Rio de Janeiro;Pedro Souza;Notebook Dell Inspiron;Louis Cooper;masculino;cartão de crédito
2025-09-28 02:06:09.462190;5;Rio de Janeiro;Pedro Souza;Smartphone Samsung Galaxy;Lorraine Maack;feminino;pix
2025-09-28 02:18:08.961838;6;Rio de Janeiro;Pedro Souza;Fone de Ouvido Sony;Matthew Burnham;masculino;boleto
2025-09-28 02:37:05.872047;7;Florianópolis;Gabriela Santos;Smartphone Samsung Galaxy;Douglas Martinez;masculino;boleto
2025-09-28 04:17:09.542695;8;São Paulo;Ana Oliveira;Smartwatch Garmin;Steve Fuentes;masculino;cartão de crédito
2025-09-28 04:32:10.006525;9;Belo Horizonte;Carlos Silva;Smartwatch Garmin;Gilberto Dumais;masculino;pix
2025-09-28 04:35:13.120853;10;São Paulo;Ana Oliveira;Tablet Apple Ipad;William Vicars;masculino;cartão de crédito
2025-09-28 19:48:07.800520;11;São Paulo;Ana Oliveira;Smartphone Samsung Galaxy;Brandon Thomas;masculino;boleto
2025-09-28 22:07:11.063626;12;Rio de Janeiro;Pedro Souza;Smartphone Samsung Galaxy;Craig Robbins;masculino;boleto
2025-09-28 22:22:07.795590;13;Belo Horizonte;Carlos Silva;Tablet Apple Ipad;Laura Hubbard;feminino;pix
2025-09-29 22:58:10.910015;14;São Paulo;Ana Oliveira;Smartphone Samsung Galaxy;Joseph Turner;masculino;dinheiro
2025-09-30 01:35:05.704739;15;Rio de Janeiro;Juliana Almeida;Notebook Dell Inspiron;Ann Clark;feminino;dinheiro
2025-09-30 01:53:10.402658;16;Belo Horizonte;Carlos Silva;Notebook Dell Inspiron;Jamie Treuter;feminino;pix
2025-09-30 02:51:07.013641;17;Florianópolis;Tiago Lima;Smartwatch Garmin;Paula Hallquist;feminino;dinheiro
2025-09-30 04:26:07.202277;18;Rio de Janeiro;Pedro Souza;Tablet Apple Ipad;John Hidalgo;masculino;cartão de crédito
2025-09-30 05:44:05.928232;19;Florianópolis;Tiago Lima;Notebook Dell Inspiron;Laura Janczewski;feminino;cartão de crédito
2025-09-30 20:28:14.253865;20;Florianópolis;Tiago Lima;Tablet Apple Ipad;Zachary Kent;masculino;pix
2025-09-30 23:07:08.617696;21;Belo Horizonte;Fernanda Costa;Tablet Apple Ipad;Leo Mikos;masculino;cartão de crédito
2025-10-01 04:02:13.971691;22;Florianópolis;Tiago Lima;Tablet Apple Ipad;Harry Langford;masculino;boleto
2025-10-01 05:14:14.251645;23;Rio de Janeiro;Juliana Almeida;Tablet Apple Ipad;Dillon Parson;masculino;pix
2025-10-01 05:42:13.335786;24;Belo Horizonte;Fernanda Costa;Tablet Apple Ipad;Jeremy Garrett;masculino;dinheiro
2025-10-01 19:28:07.735625;25;São Paulo;Ana Oliveira;Smartphone Samsung Galaxy;Margaret Sarate;feminino;dinheiro
2025-10-01 22:07:08.312936;26;Porto Alegre;Roberto Ferreira;Fone de Ouvido Sony;John Lillis;masculino;cartão de crédito
2025-10-01 23:09:11.399229;27;Belo Horizonte;Carlos Silva;Tablet Apple Ipad;Dale Furnace;masculino;dinheiro
2025-10-02 02:22:09.512016;28;Belo Horizonte;Carlos Silva;Smartwatch Garmin;Mary Miller;feminino;pix
2025-10-02 03:54:10.006270;29;Porto Alegre;Roberto Ferreira;Smartwatch Garmin;Doris Carter;feminino;pix
2025-10-02 23:07:12.706834;30;Rio de Janeiro;Pedro Souza;Tablet Apple Ipad;Dominique Davis;feminino;pix
2025-10-02 23:15:08.571735;31;São Paulo;Ana Oliveira;Tablet Apple Ipad;Ellis Weaver;masculino;dinheiro
2025-10-03 02:49:12.167578;32;Florianópolis;Tiago Lima;Fone de Ouvido Sony;Gilberto Smith;masculino;boleto
2025-10-03 03:52:13.550924;33;Belo Horizonte;Carlos Silva;Smartphone Samsung Galaxy;Joe Ferrell;masculino;dinheiro
2025-10-03 04:03:14.328498;34;Belo Horizonte;Fernanda Costa;Smartwatch Garmin;Willie Herrera;feminino;boleto
2025-10-03 05:02:14.237569;35;São Paulo;Lucas Pereira;Smartwatch Garmin;Kimberly Melancon;feminino;cartão de crédito
2025-10-03 05:49:09.097000;36;Rio de Janeiro;Juliana Almeida;Smartwatch Garmin;Velma Ashby;feminino;boleto
2025-10-03 19:52:09.037988;37;Florianópolis;Gabriela Santos;Tablet Apple Ipad;Margaret Carter;feminino;pix
2025-10-03 20:21:13.622994;38;Florianópolis;Tiago Lima;Notebook Dell Inspiron;Jonathan Quick;masculino;boleto
2025-10-03 23:14:09.634778;39;Porto Alegre;Mariana Gomes;Tablet Apple Ipad;Jason Jowers;masculino;cartão de crédito
2025-10-04 22:15:13.511228;40;Rio de Janeiro;Juliana Almeida;Smartphone Samsung Galaxy;Lyle Stewart;masculino;cartão de crédito
2025-10-05 01:12:10.343920;41;Belo Horizonte;Fernanda Costa;Fone de Ouvido Sony;Bernardina Laman;feminino;cartão de crédito
2025-10-05 05:21:09.654266;42;Florianópolis;Tiago Lima;Tablet Apple Ipad;Shirley Moss;feminino;pix
2025-10-05 22:09:14.392687;43;Rio de Janeiro;Juliana Almeida;Smartphone Samsung Galaxy;Miriam Hyman;feminino;boleto
2025-10-05 23:09:13.595159;44;São Paulo;Lucas Pereira;Tablet Apple Ipad;Maurice Albrecht;masculino;cartão de crédito
2025-10-06 01:32:10.716090;45;São Paulo;Ana Oliveira;Smartwatch Garmin;Yoko Carrasco;feminino;dinheiro
2025-10-06 23:16:07.788747;46;Belo Horizonte;Fernanda Costa;Smartwatch Garmin;Christopher Cramer;masculino;cartão de crédito
2025-10-07 03:47:08.943702;47;Rio de Janeiro;Pedro Souza;Smartwatch Garmin;Jackie White;feminino;boleto
2025-10-07 04:56:10.877763;48;São Paulo;Lucas Pereira;Smartwatch Garmin;Gail Ware;feminino;cartão de crédito
2025-10-07 05:43:07.834083;49;São Paulo;Ana Oliveira;Smartwatch Garmin;Bonnie Risinger;feminino;dinheiro
2025-10-07 20:05:13.202551;50;Porto Alegre;Roberto Ferreira;Smartwatch Garmin;Mike Woodall;masculino;cartão de crédito
2025-10-07 23:23:08.460606;51;Porto Alegre;Roberto Ferreira;Fone de Ouvido Sony;Sandra Miller;feminino;boleto
2025-10-08 00:46:07.522727;52;Porto Alegre;Roberto Ferreira;Smartwatch Garmin;Jill Rodriguez;feminino;cartão de crédito
2025-10-08 00:50:06.725020;53;Florianópolis;Tiago Lima;Smartwatch Garmin;Martin Wiedenheft;masculino;dinheiro
2025-10-08 21:58:11.286040;54;Belo Horizonte;Fernanda Costa;Smartwatch Garmin;George Boyd;masculino;cartão de crédito
2025-10-09 00:13:13.480696;55;Belo Horizonte;Fernanda Costa;Smartwatch Garmin;Gregory Hinton;masculino;pix
2025-10-09 04:07:10.572787;56;São Paulo;Lucas Pereira;Smartwatch Garmin;Larry Perez;masculino;pix
2025-10-09 22:38:07.314061;57;Florianópolis;Gabriela Santos;Tablet Apple Ipad;Michael Lewis;masculino;pix
2025-10-09 23:46:14.391495;58;Belo Horizonte;Fernanda Costa;Notebook Dell Inspiron;Melissa Frey;feminino;boleto
2025-10-10 05:30:13.981214;59;São Paulo;Lucas Pereira;Smartphone Samsung Galaxy;Carroll Woodward;masculino;cartão de crédito
2025-10-10 20:25:10.358496;60;Rio de Janeiro;Pedro Souza;Tablet Apple Ipad;William Yunker;masculino;cartão de crédito
2025-10-10 20:30:08.581220;61;Porto Alegre;Mariana Gomes;Smartwatch Garmin;Donna Garrison;feminino;boleto
2025-10-10 21:54:12.921502;62;Belo Horizonte;Carlos Silva;Fone de Ouvido Sony;Arthur Ogletree;masculino;pix
2025-10-11 00:18:12.206560;63;Florianópolis;Tiago Lima;Smartwatch Garmin;Jeanna Hanley;feminino;cartão de crédito
2025-10-11 01:27:13.669664;64;Porto Alegre;Roberto Ferreira;Notebook Dell Inspiron;Theodore Vasquez;masculino;boleto
2025-10-11 02:33:11.078931;65;Rio de Janeiro;Juliana Almeida;Smartphone Samsung Galaxy;Cathy Biros;feminino;dinheiro
2025-10-11 02:50:12.409487;66;Porto Alegre;Roberto Ferreira;Notebook Dell Inspiron;Ben Lewis;masculino;pix
2025-10-11 22:58:05.083863;67;Belo Horizonte;Carlos Silva;Fone de Ouvido Sony;Jerry Johnson;masculino;boleto
2025-10-11 23:46:07.661452;68;Florianópolis;Tiago Lima;Smartwatch Garmin;Tammy Pieper;feminino;pix
2025-10-12 00:01:13.978632;69;Belo Horizonte;Fernanda Costa;Tablet Apple Ipad;Reginald Ault;masculino;boleto
2025-10-12 19:43:10.619829;70;São Paulo;Lucas Pereira;Tablet Apple Ipad;David Guinn;masculino;dinheiro
2025-10-12 21:12:13.695962;71;Belo Horizonte;Carlos Silva;Tablet Apple Ipad;Noel Tucker;masculino;dinheiro
2025-10-12 22:55:09.655285;72;São Paulo;Ana Oliveira;Tablet Apple Ipad;Velma Sharpe;feminino;boleto
2025-10-13 00:56:05.645012;73;São Paulo;Ana Oliveira;Smartphone Samsung Galaxy;Carolyn Tam;feminino;boleto
2025-10-13 02:45:06.904680;74;Belo Horizonte;Fernanda Costa;Fone de Ouvido Sony;Walter Engleman;masculino;dinheiro
2025-10-13 19:33:08.461176;75;São Paulo;Lucas Pereira;Notebook Dell Inspiron;Thelma Maccormack;feminino;cartão de crédito
2025-10-13 23:16:08.252669;76;São Paulo;Ana Oliveira;Fone de Ouvido Sony;Kelly Wilford;masculino;pix
2025-10-13 23:22:04.946280;77;Rio de Janeiro;Pedro Souza;Fone de Ouvido Sony;Gerald Slaugh;masculino;boleto
2025-10-14 00:22:04.749820;78;Rio de Janeiro;Juliana Almeida;Smartphone Samsung Galaxy;Sandra Levings;feminino;dinheiro
2025-10-14 00:56:08.424753;79;Florianópolis;Tiago Lima;Fone de Ouvido Sony;James Vereen;masculino;dinheiro
2025-10-14 02:49:13.298918;80;Rio de Janeiro;Pedro Souza;Smartphone Samsung Galaxy;Donnie Debose;feminino;boleto
2025-10-14 22:58:13.198209;81;São Paulo;Ana Oliveira;Fone de Ouvido Sony;Marjorie Henderson;feminino;boleto
2025-10-15 03:01:09.943638;82;Florianópolis;Tiago Lima;Smartphone Samsung Galaxy;Roger Woods;masculino;pix
2025-10-16 00:24:13.444661;83;Rio de Janeiro;Pedro Souza;Notebook Dell Inspiron;Faye White;feminino;dinheiro
2025-10-16 00:31:12.523550;84;Belo Horizonte;Carlos Silva;Smartwatch Garmin;Jon Smith;masculino;cartão de crédito
2025-10-16 00:42:09.828124;85;Porto Alegre;Roberto Ferreira;Tablet Apple Ipad;Samuel Marshall;masculino;cartão de crédito
2025-10-16 01:21:11.358899;86;Belo Horizonte;Fernanda Costa;Smartwatch Garmin;Ann Katz;feminino;boleto
2025-10-16 02:37:08.668749;87;São Paulo;Lucas Pereira;Smartwatch Garmin;Cassie Sims;feminino;boleto
2025-10-16 02:45:11.398971;88;Belo Horizonte;Fernanda Costa;Fone de Ouvido Sony;Christina Adams;feminino;dinheiro
2025-10-16 03:19:10.341569;89;Rio de Janeiro;Pedro Souza;Fone de Ouvido Sony;Albert Yarbrough;masculino;boleto
2025-10-17 01:18:08.750304;90;Rio de Janeiro;Pedro Souza;Notebook Dell Inspiron;Terry Garland;masculino;cartão de crédito
2025-10-17 19:55:05.927090;91;Belo Horizonte;Fernanda Costa;Smartphone Samsung Galaxy;Marc Graham;masculino;pix
2025-10-17 21:05:06.917639;92;Florianópolis;Tiago Lima;Smartphone Samsung Galaxy;Loretta Baron;feminino;cartão de crédito
2025-10-17 21:29:08.324691;93;São Paulo;Lucas Pereira;Fone de Ouvido Sony;Matthew Lassiter;masculino;pix
2025-10-18 01:19:13.669998;94;Belo Horizonte;Carlos Silva;Smartphone Samsung Galaxy;Daniel Henry;masculino;cartão de crédito
2025-10-18 02:59:05.544438;95;Belo Horizonte;Carlos Silva;Smartphone Samsung Galaxy;James Kasper;masculino;pix
2025-10-18 03:07:05.873807;96;Porto Alegre;Mariana Gomes;Tablet Apple Ipad;Erika Manuel;feminino;dinheiro
2025-10-18 05:31:10.300384;97;Florianópolis;Gabriela Santos;Smartwatch Garmin;Alan Leite;masculino;dinheiro
2025-10-18 19:41:14.389907;98;Florianópolis;Tiago Lima;Notebook Dell Inspiron;Damien Rivera;masculino;pix
2025-10-18 21:19:11.950874;99;Belo Horizonte;Fernanda Costa;Tablet Apple Ipad;Richard Castro;masculino;cartão de crédito
2025-10-18 21:24:05.503994;100;Rio de Janeiro;Pedro Souza;Smartwatch Garmin;Joan Culliton;feminino;dinheiro
2025-10-19 00:25:08.944061;101;Florianópolis;Gabriela Santos;Fone de Ouvido Sony;Frank Hairston;masculino;cartão de crédito
2025-10-19 23:29:10.322585;102;Florianópolis;Gabriela Santos;Fone de Ouvido Sony;Nettie Johnson;feminino;boleto
2025-10-20 00:35:08.745820;103;Florianópolis;Gabriela Santos;Fone de Ouvido Sony;Albert Dixon;masculino;cartão de crédito
2025-10-20 00:37:11.130392;104;Rio de Janeiro;Juliana Almeida;Smartphone Samsung Galaxy;Linda Thammavongsa;feminino;pix
2025-10-20 00:55:09.934269;105;Florianópolis;Tiago Lima;Smartphone Samsung Galaxy;Bennie Cannon;masculino;pix
2025-10-20 02:50:07.666673;106;São Paulo;Lucas Pereira;Notebook Dell Inspiron;Tracy Adams;masculino;dinheiro
2025-10-20 04:05:12.778718;107;Porto Alegre;Roberto Ferreira;Smartwatch Garmin;David Montoya;masculino;cartão de crédito
2025-10-20 05:44:06.049274;108;São Paulo;Lucas Pereira;Smartwatch Garmin;Wayne Davidson;masculino;boleto
2025-10-20 22:46:12.032151;109;São Paulo;Lucas Pereira;Tablet Apple Ipad;Linda Henderson;feminino;pix
2025-10-20 22:58:10.534298;110;Florianópolis;Gabriela Santos;Tablet Apple Ipad;Joey Jones;feminino;dinheiro
2025-10-20 23:01:11.723895;111;Belo Horizonte;Carlos Silva;Notebook Dell Inspiron;Karla Gent;feminino;boleto
2025-10-21 00:55:07.394291;112;Rio de Janeiro;Juliana Almeida;Notebook Dell Inspiron;Anthony Sandoval;masculino;cartão de crédito
2025-10-21 04:36:06.614223;113;Rio de Janeiro;Juliana Almeida;Fone de Ouvido Sony;Kelley Carodine;feminino;cartão de crédito
2025-10-21 20:55:09.364670;114;Belo Horizonte;Carlos Silva;Fone de Ouvido Sony;Colleen Mooney;feminino;dinheiro
2025-10-21 22:16:07.577259;115;Florianópolis;Tiago Lima;Tablet Apple Ipad;Sonia Roberts;feminino;pix
2025-10-22 01:31:14.004924;116;Rio de Janeiro;Juliana Almeida;Smartwatch Garmin;Nancy Cabrera;feminino;boleto
2025-10-22 03:51:13.732937;117;Belo Horizonte;Carlos Silva;Notebook Dell Inspiron;Andrew Mezick;masculino;pix
2025-10-22 04:27:05.808036;118;São Paulo;Lucas Pereira;Smartphone Samsung Galaxy;Marvin Blackwood;masculino;dinheiro
2025-10-22 21:31:14.333504;119;Florianópolis;Tiago Lima;Smartphone Samsung Galaxy;Richard Friday;masculino;pix
2025-10-23 02:43:10.650775;120;Florianópolis;Gabriela Santos;Smartphone Samsung Galaxy;Tonya Young;feminino;dinheiro
2025-10-23 04:50:09.770989;121;Florianópolis;Tiago Lima;Tablet Apple Ipad;Deborah Lancaster;feminino;boleto
2025-10-23 05:05:12.189599;122;Rio de Janeiro;Pedro Souza;Smartphone Samsung Galaxy;Jill Teel;feminino;pix
2025-10-23 19:04:12.868643;123;Florianópolis;Gabriela Santos;Tablet Apple Ipad;Keith Edmond;masculino;pix
2025-10-23 20:47:07.628276;124;Rio de Janeiro;Pedro Souza;Notebook Dell Inspiron;Emmett Fordham;masculino;pix
2025-10-23 21:25:11.119681;125;Florianópolis;Tiago Lima;Tablet Apple Ipad;Ethelyn Woods;feminino;cartão de crédito
2025-10-23 23:22:06.517833;126;Belo Horizonte;Fernanda Costa;Smartwatch Garmin;Constance Henley;feminino;cartão de crédito
2025-10-23 23:49:12.780789;127;Belo Horizonte;Carlos Silva;Tablet Apple Ipad;Stephen Charles;masculino;cartão de crédito
2025-10-24 00:00:12.228485;128;São Paulo;Ana Oliveira;Notebook Dell Inspiron;Robert Yazzie;masculino;dinheiro
2025-10-24 02:20:13.730687;129;São Paulo;Ana Oliveira;Notebook Dell Inspiron;Francesco Hill;masculino;dinheiro
2025-10-24 02:22:13.903621;130;Porto Alegre;Mariana Gomes;Tablet Apple Ipad;Ann Angelini;feminino;boleto
2025-10-24 05:21:07.949125;131;São Paulo;Ana Oliveira;Notebook Dell Inspiron;Tonya Couch;feminino;pix
2025-10-24 20:45:06.883989;132;Rio de Janeiro;Pedro Souza;Tablet Apple Ipad;Joseph Adams;masculino;boleto
2025-10-24 22:19:13.622017;133;São Paulo;Lucas Pereira;Tablet Apple Ipad;Shelley Mims;feminino;cartão de crédito
2025-10-24 23:59:12.698017;134;Florianópolis;Gabriela Santos;Tablet Apple Ipad;James Bender;masculino;dinheiro
2025-10-25 02:32:12.092730;135;São Paulo;Ana Oliveira;Smartphone Samsung Galaxy;Henry Riccio;masculino;boleto
2025-10-25 04:51:12.432370;136;Florianópolis;Tiago Lima;Smartphone Samsung Galaxy;Joseph Noggler;masculino;dinheiro
2025-10-25 05:14:07.864743;137;Florianópolis;Gabriela Santos;Smartphone Samsung Galaxy;Jo Black;feminino;boleto
2025-10-25 05:28:06.919836;138;Belo Horizonte;Fernanda Costa;Smartphone Samsung Galaxy;Thomas Hufford;masculino;boleto
2025-10-25 21:17:07.627131;139;Porto Alegre;Mariana Gomes;Smartwatch Garmin;James Brown;masculino;dinheiro
2025-10-25 21:23:13.549661;140;São Paulo;Lucas Pereira;Smartphone Samsung Galaxy;Tierra Norris;feminino;pix
2025-10-26 00:56:08.128984;141;Porto Alegre;Mariana Gomes;Smartphone Samsung Galaxy;Kevin Thorson;masculino;cartão de crédito
2025-10-26 01:36:08.031512;142;Belo Horizonte;Fernanda Costa;Smartwatch Garmin;James Pearman;masculino;cartão de crédito
2025-10-26 05:50:12.091841;143;Rio de Janeiro;Pedro Souza;Notebook Dell Inspiron;Gina Ferguson;feminino;cartão de crédito
2025-10-26 20:14:07.468246;144;Belo Horizonte;Fernanda Costa;Tablet Apple Ipad;Mark Carter;masculino;cartão de crédito
2025-10-26 21:27:13.403735;145;Belo Horizonte;Fernanda Costa;Smartwatch Garmin;Alison Timchula;feminino;boleto
2025-10-26 21:46:09.828919;146;Porto Alegre;Mariana Gomes;Notebook Dell Inspiron;Guadalupe Saucedo;feminino;pix
2025-10-26 22:49:11.579367;147;Florianópolis;Gabriela Santos;Smartphone Samsung Galaxy;Robert Smith;masculino;cartão de crédito
2025-10-26 22:53:07.584871;148;Florianópolis;Tiago Lima;Notebook Dell Inspiron;Tracy Mcwilliams;feminino;boleto
2025-10-27 03:15:05.832064;149;Florianópolis;Gabriela Santos;Notebook Dell Inspiron;Janet Mcdaniel;feminino;cartão de crédito
2025-10-27 04:57:12.698652;150;Florianópolis;Tiago Lima;Smartwatch Garmin;Caridad Graves;feminino;dinheiro
2025-10-27 05:33:08.078652;151;Rio de Janeiro;Juliana Almeida;Smartwatch Garmin;Judith Olivares;feminino;boleto
2025-10-28 05:29:08.889169;152;Florianópolis;Gabriela Santos;Notebook Dell Inspiron;Joan Sanders;feminino;cartão de crédito
2025-10-28 19:02:08.718564;153;São Paulo;Lucas Pereira;Fone de Ouvido Sony;Shawn Miron;masculino;pix
2025-10-29 00:20:07.722981;154;Florianópolis;Gabriela Santos;Smartwatch Garmin;Scott Holley;masculino;boleto
2025-10-29 01:34:11.750810;155;Florianópolis;Tiago Lima;Smartphone Samsung Galaxy;Paul Bedward;masculino;pix
2025-10-29 02:17:09.604047;156;Belo Horizonte;Carlos Silva;Tablet Apple Ipad;Christine Niles;feminino;pix
2025-10-29 20:25:12.787233;157;Porto Alegre;Mariana Gomes;Smartwatch Garmin;Julia Cyrus;feminino;pix
2025-10-30 01:35:09.945416;158;Belo Horizonte;Carlos Silva;Notebook Dell Inspiron;Lisa Doerr;feminino;boleto
2025-10-30 02:38:07.800764;159;Florianópolis;Tiago Lima;Smartphone Samsung Galaxy;Loreta Brink;feminino;cartão de crédito
2025-10-30 03:53:09.950904;160;Porto Alegre;Mariana Gomes;Fone de Ouvido Sony;Suzanne Massey;feminino;dinheiro
2025-10-30 05:35:13.447585;161;Belo Horizonte;Carlos Silva;Smartphone Samsung Galaxy;Kevin Devore;masculino;pix
2025-10-30 19:37:09.723461;162;Porto Alegre;Mariana Gomes;Notebook Dell Inspiron;Alex Reyes;masculino;boleto
2025-10-30 22:36:06.479798;163;Florianópolis;Tiago Lima;Smartwatch Garmin;Catharine Sell;feminino;pix
2025-10-30 22:40:05.752695;164;Belo Horizonte;Carlos Silva;Notebook Dell Inspiron;Jacob Molina;masculino;cartão de crédito
2025-10-30 22:42:09.098364;165;Florianópolis;Tiago Lima;Smartphone Samsung Galaxy;Elizabeth Camp;feminino;cartão de crédito
2025-10-30 22:56:10.580137;166;São Paulo;Lucas Pereira;Smartphone Samsung Galaxy;Edna Gamboa;feminino;pix
2025-10-31 02:55:13.343837;167;Porto Alegre;Mariana Gomes;Tablet Apple Ipad;Tim Degaetano;masculino;boleto
2025-10-31 03:07:09.062501;168;São Paulo;Lucas Pereira;Smartwatch Garmin;Frank Orr;masculino;boleto
2025-10-31 03:57:13.102554;169;São Paulo;Lucas Pereira;Tablet Apple Ipad;Clara Walter;feminino;cartão de crédito
2025-10-31 19:31:13.112766;170;Belo Horizonte;Carlos Silva;Tablet Apple Ipad;Larry Child;masculino;dinheiro
2025-10-31 21:25:11.733763;171;Rio de Janeiro;Pedro Souza;Fone de Ouvido Sony;Will Ginsburg;masculino;pix
2025-11-01 03:46:07.795979;172;Belo Horizonte;Fernanda Costa;Tablet Apple Ipad;Janet Moralez;feminino;cartão de crédito
2025-11-01 05:14:13.657609;173;Rio de Janeiro;Pedro Souza;Notebook Dell Inspiron;Hallie Maine;feminino;boleto
2025-11-01 05:22:07.227581;174;São Paulo;Ana Oliveira;Smartphone Samsung Galaxy;Salvatore Donegan;masculino;pix
2025-11-01 20:13:07.804124;175;Belo Horizonte;Fernanda Costa;Notebook Dell Inspiron;Damon Conditt;masculino;pix
2025-11-01 20:42:08.118429;176;Florianópolis;Tiago Lima;Notebook Dell Inspiron;Bill Smith;masculino;boleto
2025-11-01 20:52:10.524695;177;Porto Alegre;Roberto Ferreira;Notebook Dell Inspiron;Scott Crader;masculino;pix
2025-11-01 22:46:13.623724;178;Porto Alegre;Mariana Gomes;Fone de Ouvido Sony;David Milosevic;masculino;dinheiro
2025-11-02 01:39:10.445629;179;São Paulo;Lucas Pereira;Notebook Dell Inspiron;Joan Harris;feminino;cartão de crédito
2025-11-02 02:27:05.847896;180;Porto Alegre;Roberto Ferreira;Smartwatch Garmin;Janice Pierce;feminino;dinheiro
2025-11-02 04:35:12.165857;181;São Paulo;Ana Oliveira;Smartwatch Garmin;Fausto Johnson;masculino;cartão de crédito
2025-11-02 04:49:07.220701;182;Florianópolis;Tiago Lima;Smartwatch Garmin;Wendy Critchfield;feminino;dinheiro
2025-11-02 21:46:09.597388;183;Belo Horizonte;Carlos Silva;Tablet Apple Ipad;Patricia Adams;feminino;boleto
2025-11-02 22:10:09.085499;184;Florianópolis;Gabriela Santos;Fone de Ouvido Sony;Gloria Stjohn;feminino;dinheiro
2025-11-02 23:04:05.982912;185;Porto Alegre;Mariana Gomes;Smartwatch Garmin;Rodney Nealy;masculino;pix
2025-11-03 00:51:06.080640;186;São Paulo;Lucas Pereira;Notebook Dell Inspiron;Elaine Girard;feminino;pix
2025-11-03 01:52:14.385318;187;Rio de Janeiro;Juliana Almeida;Tablet Apple Ipad;Joey Scott;masculino;cartão de crédito
2025-11-03 21:09:06.050556;188;Florianópolis;Gabriela Santos;Smartphone Samsung Galaxy;Nichole Nelson;feminino;dinheiro
2025-11-03 22:54:09.044564;189;São Paulo;Lucas Pereira;Tablet Apple Ipad;Gabriel Dornier;masculino;boleto
2025-11-03 23:47:08.001266;190;Florianópolis;Tiago Lima;Notebook Dell Inspiron;Thomas Ripley;masculino;boleto
2025-11-04 04:20:13.312441;191;Florianópolis;Gabriela Santos;Tablet Apple Ipad;Marie Frantz;feminino;pix
2025-11-04 04:21:10.651078;192;Rio de Janeiro;Juliana Almeida;Notebook Dell Inspiron;Robert Davis;masculino;boleto
2025-11-04 05:03:08.418342;193;Porto Alegre;Roberto Ferreira;Tablet Apple Ipad;Patricia Rodriguez;feminino;dinheiro
2025-11-04 19:54:08.975238;194;Rio de Janeiro;Juliana Almeida;Fone de Ouvido Sony;Karl Norman;masculino;dinheiro
2025-11-04 23:24:05.647147;195;Porto Alegre;Roberto Ferreira;Fone de Ouvido Sony;Jill Vojna;feminino;pix
2025-11-04 23:55:12.781548;196;São Paulo;Lucas Pereira;Tablet Apple Ipad;Wilma Cooper;feminino;dinheiro
2025-11-05 00:02:08.767541;197;Porto Alegre;Roberto Ferreira;Smartphone Samsung Galaxy;Thomas Amini;masculino;pix
2025-11-05 00:33:13.488268;198;São Paulo;Lucas Pereira;Smartphone Samsung Galaxy;Erick Montgomery;masculino;pix
2025-11-05 02:41:13.994198;199;Florianópolis;Tiago Lima;Smartwatch Garmin;Jo Early;feminino;pix
2025-11-05 04:52:08.000668;200;Porto Alegre;Roberto Ferreira;Notebook Dell Inspiron;Stephen Davis;masculino;pix
2025-11-05 19:30:10.451374;201;São Paulo;Ana Oliveira;Tablet Apple Ipad;Summer Tighe;feminino;boleto
2025-11-05 21:49:11.064204;202;São Paulo;Lucas Pereira;Tablet Apple Ipad;James Cline;masculino;pix
2025-11-05 23:18:09.726783;203;Porto Alegre;Roberto Ferreira;Fone de Ouvido Sony;Cathi Cole;feminino;dinheiro
2025-11-06 00:01:07.984608;204;Rio de Janeiro;Juliana Almeida;Tablet Apple Ipad;Eleanor Binette;feminino;dinheiro
2025-11-06 00:43:13.280295;205;Belo Horizonte;Fernanda Costa;Tablet Apple Ipad;April Youtsey;feminino;pix
2025-11-06 01:30:09.273440;206;Rio de Janeiro;Pedro Souza;Notebook Dell Inspiron;James Abuaita;masculino;pix
2025-11-06 03:42:07.780760;207;Florianópolis;Tiago Lima;Notebook Dell Inspiron;Lynn Smith;feminino;boleto
2025-11-06 20:45:08.451630;208;Porto Alegre;Roberto Ferreira;Tablet Apple Ipad;Donald Guillermo;masculino;cartão de crédito
2025-11-06 21:26:08.446374;209;Florianópolis;Tiago Lima;Smartwatch Garmin;Christine Magallanes;feminino;cartão de crédito
2025-11-06 21:58:13.063553;210;Rio de Janeiro;Juliana Almeida;Tablet Apple Ipad;Ruben Karas;masculino;dinheiro
2025-11-07 00:36:10.365284;211;Belo Horizonte;Carlos Silva;Notebook Dell Inspiron;Eli Pratt;masculino;dinheiro
2025-11-07 00:38:11.438233;212;Porto Alegre;Mariana Gomes;Fone de Ouvido Sony;Meredith Smith;feminino;cartão de crédito
2025-11-07 01:55:05.542499;213;Rio de Janeiro;Juliana Almeida;Notebook Dell Inspiron;Robert Carroll;masculino;dinheiro
2025-11-07 20:53:05.601040;214;Rio de Janeiro;Pedro Souza;Notebook Dell Inspiron;Kathleen Barnes;feminino;pix
2025-11-07 23:02:05.705056;215;Florianópolis;Gabriela Santos;Smartwatch Garmin;Dan Griffy;masculino;boleto
2025-11-07 23:36:13.191103;216;Porto Alegre;Mariana Gomes;Notebook Dell Inspiron;Marie Cruz;feminino;pix
2025-11-08 19:27:10.053507;217;São Paulo;Ana Oliveira;Fone de Ouvido Sony;Cynthia Bellamy;feminino;dinheiro
2025-11-08 20:00:12.866802;218;São Paulo;Lucas Pereira;Smartphone Samsung Galaxy;Gwyn Vasquez;feminino;boleto
2025-11-08 21:14:07.200147;219;São Paulo;Lucas Pereira;Fone de Ouvido Sony;Tonia Drummond;feminino;pix
2025-11-08 22:15:10.504713;220;Rio de Janeiro;Pedro Souza;Tablet Apple Ipad;Jody Wetherell;feminino;cartão de crédito
2025-11-08 22:27:05.872533;221;Belo Horizonte;Fernanda Costa;Tablet Apple Ipad;Kathleen Keenan;feminino;cartão de crédito
2025-11-09 01:45:05.541842;222;Belo Horizonte;Fernanda Costa;Fone de Ouvido Sony;Timothy Woods;masculino;boleto
2025-11-09 02:06:08.636702;223;São Paulo;Ana Oliveira;Fone de Ouvido Sony;George Benzing;masculino;dinheiro
2025-11-09 03:09:07.671153;224;Florianópolis;Gabriela Santos;Smartwatch Garmin;Guillermo Roach;masculino;boleto
2025-11-09 03:35:11.950337;225;Florianópolis;Tiago Lima;Fone de Ouvido Sony;Mark Humphrey;masculino;cartão de crédito
2025-11-09 05:04:07.669288;226;Porto Alegre;Roberto Ferreira;Notebook Dell Inspiron;Stephen Miller;masculino;pix
2025-11-09 05:08:12.244421;227;São Paulo;Ana Oliveira;Notebook Dell Inspiron;Paul Winski;masculino;dinheiro
2025-11-09 19:22:13.882362;228;Porto Alegre;Roberto Ferreira;Smartphone Samsung Galaxy;Jane Hart;feminino;boleto
2025-11-09 20:33:05.833740;229;Belo Horizonte;Carlos Silva;Notebook Dell Inspiron;Dana Piner;feminino;cartão de crédito
2025-11-09 21:02:12.411938;230;Belo Horizonte;Carlos Silva;Fone de Ouvido Sony;Jeffrey Blain;masculino;boleto
2025-11-09 23:28:08.578163;231;Florianópolis;Tiago Lima;Smartphone Samsung Galaxy;Janet Henson;feminino;pix
2025-11-09 23:51:07.958640;232;Belo Horizonte;Fernanda Costa;Notebook Dell Inspiron;Andrew Nokes;masculino;boleto
2025-11-10 02:18:07.137267;233;Porto Alegre;Mariana Gomes;Smartwatch Garmin;Hector Speziale;masculino;pix
2025-11-10 02:36:08.434295;234;Belo Horizonte;Carlos Silva;Notebook Dell Inspiron;Steven Gray;masculino;cartão de crédito
2025-11-10 19:47:13.360963;235;Belo Horizonte;Carlos Silva;Smartwatch Garmin;Eric Bennett;masculino;dinheiro
2025-11-10 20:50:10.843258;236;São Paulo;Ana Oliveira;Smartphone Samsung Galaxy;Joseph Vergara;masculino;pix
2025-11-10 21:14:05.810882;237;Porto Alegre;Mariana Gomes;Tablet Apple Ipad;Eddie Woodard;masculino;cartão de crédito
2025-11-10 21:14:11.598138;238;Rio de Janeiro;Pedro Souza;Smartwatch Garmin;Gilbert Vinion;masculino;pix
2025-11-11 01:43:07.316562;239;Rio de Janeiro;Pedro Souza;Tablet Apple Ipad;Maxine Miller;feminino;dinheiro
2025-11-11 02:32:10.191463;240;São Paulo;Lucas Pereira;Fone de Ouvido Sony;John Braun;feminino;pix
2025-11-11 03:45:07.669521;241;Belo Horizonte;Fernanda Costa;Notebook Dell Inspiron;Brad Johnson;masculino;boleto
2025-11-11 04:20:12.322223;242;Porto Alegre;Mariana Gomes;Notebook Dell Inspiron;John Manuel;masculino;cartão de crédito
2025-11-11 21:25:13.106321;243;São Paulo;Lucas Pereira;Tablet Apple Ipad;James Moore;masculino;dinheiro
2025-11-11 21:29:06.412348;244;Florianópolis;Tiago Lima;Smartwatch Garmin;Justin Best;masculino;boleto
2025-11-11 22:07:12.005391;245;Rio de Janeiro;Pedro Souza;Smartwatch Garmin;Lee Micale;masculino;boleto
2025-11-12 00:24:06.901634;246;São Paulo;Ana Oliveira;Notebook Dell Inspiron;Corinne Templeton;feminino;cartão de crédito
2025-11-12 02:05:07.671981;247;São Paulo;Ana Oliveira;Fone de Ouvido Sony;Virginia Titus;feminino;pix
2025-11-12 04:50:06.596013;248;Rio de Janeiro;Juliana Almeida;Tablet Apple Ipad;Michael Hunter;masculino;cartão de crédito
2025-11-12 19:39:12.117364;249;Florianópolis;Gabriela Santos;Notebook Dell Inspiron;Christina Unger;feminino;cartão de crédito
2025-11-12 19:43:08.925454;250;São Paulo;Ana Oliveira;Smartphone Samsung Galaxy;Christopher Tugwell;masculino;cartão de crédito
2025-11-12 20:41:10.909746;251;São Paulo;Lucas Pereira;Notebook Dell Inspiron;Margaret Bryant;feminino;dinheiro
2025-11-13 01:40:13.245491;252;São Paulo;Ana Oliveira;Smartphone Samsung Galaxy;Patrick Wolfe;masculino;boleto
2025-11-13 02:54:10.708553;253;Florianópolis;Gabriela Santos;Fone de Ouvido Sony;Herman Brinton;masculino;boleto
2025-11-13 05:37:14.280585;254;Porto Alegre;Roberto Ferreira;Notebook Dell Inspiron;Janice Langford;feminino;cartão de crédito
2025-11-13 19:29:12.263855;255;Rio de Janeiro;Juliana Almeida;Notebook Dell Inspiron;Susan Ellis;feminino;dinheiro
2025-11-13 19:58:13.968633;256;São Paulo;Ana Oliveira;Tablet Apple Ipad;Charles Ellis;masculino;pix
2025-11-13 21:29:10.315153;257;Rio de Janeiro;Pedro Souza;Smartphone Samsung Galaxy;Carlos Faucette;masculino;boleto
2025-11-13 22:43:13.214337;258;Porto Alegre;Mariana Gomes;Smartphone Samsung Galaxy;Jose Locklear;masculino;pix
2025-11-13 23:11:06.482908;259;Florianópolis;Tiago Lima;Tablet Apple Ipad;Faye Younce;feminino;pix
2025-11-14 01:21:06.058466;260;Porto Alegre;Roberto Ferreira;Fone de Ouvido Sony;Laura Darling;feminino;cartão de crédito
2025-11-14 03:07:09.091658;261;São Paulo;Ana Oliveira;Tablet Apple Ipad;Paul Moore;masculino;boleto
2025-11-14 03:15:13.765123;262;Rio de Janeiro;Juliana Almeida;Notebook Dell Inspiron;Mary Seelbach;feminino;boleto
2025-11-14 03:30:09.628623;263;São Paulo;Ana Oliveira;Smartwatch Garmin;Thomas Smith;masculino;boleto
2025-11-14 05:32:07.065282;264;Belo Horizonte;Fernanda Costa;Smartwatch Garmin;Belinda Tucker;feminino;cartão de crédito
2025-11-14 19:09:08.755228;265;Belo Horizonte;Fernanda Costa;Tablet Apple Ipad;Robert Abner;masculino;cartão de crédito
2025-11-14 22:19:04.998372;266;Florianópolis;Gabriela Santos;Notebook Dell Inspiron;Edgar Martinez;masculino;dinheiro
2025-11-15 00:09:09.556829;267;São Paulo;Ana Oliveira;Tablet Apple Ipad;Rory Lumpkin;masculino;cartão de crédito
2025-11-15 00:24:12.676274;268;Belo Horizonte;Fernanda Costa;Tablet Apple Ipad;Alan Parks;masculino;boleto
2025-11-15 01:43:05.475063;269;Belo Horizonte;Carlos Silva;Notebook Dell Inspiron;Nadine Lowe;feminino;cartão de crédito
2025-11-15 02:06:13.966020;270;Porto Alegre;Mariana Gomes;Smartwatch Garmin;Ronald Stafford;masculino;pix
2025-11-15 04:39:12.318991;271;Belo Horizonte;Fernanda Costa;Smartphone Samsung Galaxy;Marina Briley;feminino;cartão de crédito
2025-11-15 05:04:07.233190;272;Porto Alegre;Mariana Gomes;Notebook Dell Inspiron;Jack Vasile;masculino;pix
2025-11-15 05:19:11.742571;273;Belo Horizonte;Fernanda Costa;Notebook Dell Inspiron;Terrance Hendrickson;masculino;dinheiro
2025-11-15 20:49:08.164316;274;Florianópolis;Tiago Lima;Fone de Ouvido Sony;Marilyn Polkinghorn;feminino;dinheiro
2025-11-15 23:52:11.002004;275;Florianópolis;Gabriela Santos;Notebook Dell Inspiron;Kenneth Lebeau;masculino;dinheiro
2025-11-16 01:14:09.525089;276;São Paulo;Ana Oliveira;Fone de Ouvido Sony;Debra Aschenbrenner;feminino;boleto
2025-11-16 05:18:10.204204;277;São Paulo;Lucas Pereira;Smartwatch Garmin;Regina Harlan;feminino;cartão de crédito
2025-11-16 05:40:13.923639;278;Porto Alegre;Mariana Gomes;Tablet Apple Ipad;Norma Krupa;feminino;boleto
2025-11-16 19:38:05.892819;279;Belo Horizonte;Carlos Silva;Notebook Dell Inspiron;Richard Coughlin;masculino;dinheiro
2025-11-16 23:09:07.528457;280;Porto Alegre;Mariana Gomes;Notebook Dell Inspiron;William Dapolito;masculino;boleto
2025-11-17 00:15:08.127076;281;São Paulo;Lucas Pereira;Notebook Dell Inspiron;Dale Stump;masculino;dinheiro
2025-11-17 00:26:13.489150;282;Florianópolis;Gabriela Santos;Smartphone Samsung Galaxy;Jennifer Tomassi;feminino;cartão de crédito
2025-11-17 01:05:09.379486;283;Rio de Janeiro;Pedro Souza;Fone de Ouvido Sony;Dorothy Hansing;feminino;boleto
2025-11-17 02:33:13.245876;284;Porto Alegre;Roberto Ferreira;Smartwatch Garmin;Roger Clark;masculino;dinheiro
2025-11-17 03:00:08.446082;285;Florianópolis;Gabriela Santos;Tablet Apple Ipad;Juanita Garcia;feminino;pix
2025-11-17 03:03:10.335469;286;Rio de Janeiro;Pedro Souza;Smartwatch Garmin;Joy Fulmer;feminino;boleto
2025-11-17 05:30:08.725324;287;São Paulo;Lucas Pereira;Smartwatch Garmin;Maria Hooker;feminino;boleto
2025-11-17 19:26:05.799820;288;São Paulo;Ana Oliveira;Smartwatch Garmin;Douglas Rouleau;masculino;dinheiro
2025-11-17 21:38:09.980399;289;Porto Alegre;Roberto Ferreira;Smartwatch Garmin;Pedro Plitt;masculino;boleto
2025-11-18 01:28:09.542302;290;Porto Alegre;Mariana Gomes;Smartwatch Garmin;Jean Beck;feminino;cartão de crédito
2025-11-18 05:01:11.597730;291;Porto Alegre;Roberto Ferreira;Smartphone Samsung Galaxy;Marjorie Medina;feminino;dinheiro
2025-11-18 22:36:09.688520;292;Rio de Janeiro;Pedro Souza;Fone de Ouvido Sony;George Thews;masculino;dinheiro
2025-11-19 00:14:06.949212;293;São Paulo;Ana Oliveira;Notebook Dell Inspiron;Gayle Hart;feminino;cartão de crédito
2025-11-19 04:53:10.141450;294;São Paulo;Ana Oliveira;Smartwatch Garmin;Arthur Colley;masculino;boleto
2025-11-19 18:55:07.905026;295;Rio de Janeiro;Juliana Almeida;Tablet Apple Ipad;Ruby Dodd;feminino;cartão de crédito
2025-11-20 00:44:12.993622;296;Belo Horizonte;Fernanda Costa;Tablet Apple Ipad;Stephen Tolliver;masculino;dinheiro
2025-11-20 00:45:08.124777;297;Belo Horizonte;Fernanda Costa;Smartwatch Garmin;Christopher Breedlove;masculino;dinheiro
2025-11-20 03:46:06.843316;298;São Paulo;Ana Oliveira;Tablet Apple Ipad;Marcy Haifley;feminino;boleto
2025-11-21 03:24:13.505799;299;Porto Alegre;Mariana Gomes;Notebook Dell Inspiron;Raul Goodrum;masculino;boleto
2025-11-21 04:50:13.364764;300;Florianópolis;Gabriela Santos;Notebook Dell Inspiron;Alexis Thurston;feminino;cartão de crédito
2025-11-21 20:26:14.281735;301;Rio de Janeiro;Pedro Souza;Smartwatch Garmin;Thomas Munoz;masculino;dinheiro
2025-11-21 23:40:12.170708;302;São Paulo;Lucas Pereira;Smartwatch Garmin;Alicia Rightmire;feminino;cartão de crédito
2025-11-22 01:33:04.975206;303;Florianópolis;Gabriela Santos;Notebook Dell Inspiron;Daniel Gross;masculino;pix
2025-11-22 04:23:11.626338;304;Belo Horizonte;Fernanda Costa;Fone de Ouvido Sony;Jimmie Bonato;masculino;dinheiro
2025-11-22 04:59:10.968651;305;Rio de Janeiro;Pedro Souza;Tablet Apple Ipad;Edna Butler;feminino;pix
2025-11-22 05:07:08.675926;306;Porto Alegre;Roberto Ferreira;Smartphone Samsung Galaxy;Kieth Julca;masculino;dinheiro
2025-11-22 05:08:05.778997;307;Porto Alegre;Roberto Ferreira;Tablet Apple Ipad;Amanda Beanblossom;feminino;cartão de crédito
2025-11-22 20:52:11.502345;308;São Paulo;Ana Oliveira;Smartphone Samsung Galaxy;Irene Morgan;feminino;pix
2025-11-22 21:27:12.675334;309;Florianópolis;Gabriela Santos;Smartwatch Garmin;Maya Collins;feminino;cartão de crédito
2025-11-22 21:35:07.839085;310;Rio de Janeiro;Juliana Almeida;Smartwatch Garmin;Christine Hall;feminino;cartão de crédito
2025-11-22 22:01:07.518572;311;Belo Horizonte;Fernanda Costa;Fone de Ouvido Sony;Barbara Lawson;feminino;pix
2025-11-22 22:45:06.613716;312;Florianópolis;Gabriela Santos;Tablet Apple Ipad;Brittany Dean;feminino;dinheiro
2025-11-22 23:28:12.866460;313;Rio de Janeiro;Pedro Souza;Smartphone Samsung Galaxy;Delores Powell;feminino;cartão de crédito
2025-11-23 00:43:08.128618;314;Belo Horizonte;Carlos Silva;Smartwatch Garmin;Vernon Lambert;masculino;boleto
2025-11-23 00:47:05.216134;315;Florianópolis;Gabriela Santos;Notebook Dell Inspiron;Jonathan Schuler;masculino;pix
2025-11-23 02:37:10.241708;316;Rio de Janeiro;Juliana Almeida;Tablet Apple Ipad;Nancy Davis;feminino;cartão de crédito
2025-11-23 02:53:12.734657;317;Rio de Janeiro;Pedro Souza;Notebook Dell Inspiron;Joseph Nichols;masculino;dinheiro
2025-11-23 03:10:11.732411;318;Belo Horizonte;Carlos Silva;Fone de Ouvido Sony;Randy Varela;masculino;dinheiro
2025-11-23 03:32:13.144429;319;Belo Horizonte;Carlos Silva;Tablet Apple Ipad;Carol Davis;feminino;cartão de crédito
2025-11-23 03:59:09.228641;320;Rio de Janeiro;Pedro Souza;Smartphone Samsung Galaxy;Virginia Scott;feminino;boleto
2025-11-23 04:40:10.504444;321;Porto Alegre;Mariana Gomes;Fone de Ouvido Sony;Mary Miller;feminino;dinheiro
2025-11-23 19:00:12.736427;322;Porto Alegre;Roberto Ferreira;Smartwatch Garmin;Jennifer Hurley;feminino;pix
2025-11-23 21:13:11.692808;323;São Paulo;Lucas Pereira;Fone de Ouvido Sony;Eric Hendrickson;masculino;cartão de crédito
2025-11-23 21:38:09.975380;324;Belo Horizonte;Carlos Silva;Smartwatch Garmin;Howard Grant;masculino;pix
2025-11-23 23:46:08.245656;325;Florianópolis;Tiago Lima;Smartphone Samsung Galaxy;Jean Schlemmer;feminino;dinheiro
2025-11-24 01:40:12.295240;326;São Paulo;Ana Oliveira;Smartwatch Garmin;Lance Clark;masculino;pix
2025-11-24 01:52:05.681971;327;São Paulo;Ana Oliveira;Fone de Ouvido Sony;Terry Cowan;masculino;cartão de crédito
2025-11-24 01:54:09.823924;328;Florianópolis;Gabriela Santos;Tablet Apple Ipad;Josephine Michell;feminino;pix
2025-11-24 04:36:12.168539;329;Porto Alegre;Mariana Gomes;Fone de Ouvido Sony;Tamica Green;feminino;boleto
2025-11-24 05:01:06.078485;330;Rio de Janeiro;Juliana Almeida;Smartphone Samsung Galaxy;Sandi Smith;feminino;boleto
2025-11-24 05:02:12.264115;331;Belo Horizonte;Fernanda Costa;Notebook Dell Inspiron;Wanda Desilva;feminino;boleto
2025-11-24 19:04:10.653232;332;Porto Alegre;Roberto Ferreira;Smartwatch Garmin;Richard Lawrence;masculino;cartão de crédito
2025-11-24 19:56:09.599677;333;Belo Horizonte;Carlos Silva;Smartphone Samsung Galaxy;Mary Sullivan;feminino;pix
2025-11-24 21:05:08.711430;334;Porto Alegre;Mariana Gomes;Smartwatch Garmin;Charles Dorman;masculino;dinheiro
2025-11-24 21:23:12.510234;335;Porto Alegre;Roberto Ferreira;Smartwatch Garmin;Linda Mccoy;feminino;dinheiro
2025-11-24 21:47:11.330025;336;São Paulo;Lucas Pereira;Fone de Ouvido Sony;Leon Christian;masculino;pix
2025-11-25 04:53:05.254368;337;Rio de Janeiro;Pedro Souza;Notebook Dell Inspiron;Lucas Abdelhamid;masculino;cartão de crédito
2025-11-25 21:51:08.257368;338;Rio de Janeiro;Pedro Souza;Fone de Ouvido Sony;Douglas Palasik;masculino;dinheiro
2025-11-26 00:28:07.410263;339;Porto Alegre;Roberto Ferreira;Tablet Apple Ipad;James Casteel;masculino;pix
2025-11-26 05:09:11.280316;340;São Paulo;Lucas Pereira;Fone de Ouvido Sony;Theodore Campbell;masculino;dinheiro
2025-11-26 05:18:10.055182;341;Florianópolis;Gabriela Santos;Notebook Dell Inspiron;Alicia Fecteau;feminino;boleto
2025-11-26 19:18:14.023037;342;Belo Horizonte;Carlos Silva;Tablet Apple Ipad;William Klare;masculino;cartão de crédito
2025-11-26 20:00:10.556476;343;Rio de Janeiro;Juliana Almeida;Smartwatch Garmin;Lakendra Mejia;feminino;dinheiro
2025-11-27 00:13:14.380947;344;Porto Alegre;Mariana Gomes;Fone de Ouvido Sony;Ernestina Silva;feminino;pix
2025-11-27 00:41:08.252288;345;Belo Horizonte;Carlos Silva;Smartwatch Garmin;Thomas Graves;masculino;pix
2025-11-27 02:07:12.039056;346;São Paulo;Ana Oliveira;Fone de Ouvido Sony;James Keen;masculino;pix
2025-11-27 20:12:09.744381;347;São Paulo;Lucas Pereira;Smartphone Samsung Galaxy;Steven Likes;masculino;dinheiro
2025-11-27 20:33:09.639271;348;Florianópolis;Tiago Lima;Smartphone Samsung Galaxy;Jackie Harris;feminino;pix
2025-11-27 21:13:04.999092;349;Porto Alegre;Mariana Gomes;Tablet Apple Ipad;Robert Swint;masculino;cartão de crédito
2025-11-27 23:45:10.595065;350;Florianópolis;Gabriela Santos;Smartwatch Garmin;John Stone;masculino;dinheiro
2025-11-28 02:47:06.995428;351;Porto Alegre;Mariana Gomes;Notebook Dell Inspiron;Patricia Carlson;feminino;dinheiro
2025-11-28 02:53:07.952125;352;Belo Horizonte;Carlos Silva;Smartwatch Garmin;Minnie Zavala;feminino;boleto
2025-11-28 03:26:12.206290;353;Florianópolis;Tiago Lima;Notebook Dell Inspiron;Marcus Jones;masculino;dinheiro
2025-11-28 05:38:06.898431;354;Belo Horizonte;Carlos Silva;Smartwatch Garmin;Dennis Locklear;masculino;cartão de crédito
2025-11-28 20:29:14.041545;355;Rio de Janeiro;Pedro Souza;Fone de Ouvido Sony;Anthony Hazelwood;masculino;pix
2025-11-28 22:19:05.973700;356;São Paulo;Lucas Pereira;Smartphone Samsung Galaxy;Pedro Laverriere;masculino;boleto
2025-11-29 00:35:06.884374;357;Belo Horizonte;Carlos Silva;Notebook Dell Inspiron;Jeff Cullen;masculino;boleto
2025-11-29 01:43:12.997083;358;Belo Horizonte;Fernanda Costa;Notebook Dell Inspiron;Helen Vega;feminino;dinheiro
2025-11-29 01:47:10.595339;359;Florianópolis;Gabriela Santos;Notebook Dell Inspiron;Janice Smith;feminino;dinheiro
2025-11-29 01:53:07.217396;360;Porto Alegre;Mariana Gomes;Notebook Dell Inspiron;Gloria Bostic;feminino;boleto
2025-11-29 02:48:05.877275;361;Florianópolis;Gabriela Santos;Tablet Apple Ipad;Jesse Williams;masculino;dinheiro
2025-11-29 04:34:07.431435;362;Belo Horizonte;Carlos Silva;Tablet Apple Ipad;Willie Muirhead;masculino;cartão de crédito
2025-11-29 05:00:08.965360;363;Rio de Janeiro;Pedro Souza;Fone de Ouvido Sony;Kristina Corcoran;feminino;boleto
2025-11-29 05:11:11.868200;364;São Paulo;Lucas Pereira;Fone de Ouvido Sony;Lois Johnson;feminino;pix
2025-11-29 19:03:05.530689;365;Florianópolis;Gabriela Santos;Smartwatch Garmin;Carmen Clark;feminino;pix
2025-11-29 19:37:07.950510;366;Rio de Janeiro;Juliana Almeida;Smartphone Samsung Galaxy;Truman Vann;masculino;pix
2025-11-29 23:39:13.163068;367;Porto Alegre;Mariana Gomes;Tablet Apple Ipad;Leslie Hudson;masculino;cartão de crédito
2025-11-30 19:56:06.565401;368;Belo Horizonte;Carlos Silva;Tablet Apple Ipad;Arthur Stephenson;masculino;boleto
2025-11-30 20:20:14.375106;369;Porto Alegre;Roberto Ferreira;Notebook Dell Inspiron;Dwayne Kendrick;masculino;boleto
2025-11-30 20:53:10.314281;370;Porto Alegre;Mariana Gomes;Smartwatch Garmin;James Payton;masculino;boleto
2025-12-01 02:19:10.005078;371;Rio de Janeiro;Juliana Almeida;Fone de Ouvido Sony;Alena Davis;feminino;dinheiro
2025-12-01 02:26:10.209476;372;Porto Alegre;Roberto Ferreira;Smartwatch Garmin;Courtney Moody;feminino;dinheiro
2025-12-01 02:43:11.744145;373;São Paulo;Ana Oliveira;Smartphone Samsung Galaxy;Bill Ruiz;masculino;cartão de crédito
2025-12-01 05:24:05.877532;374;Porto Alegre;Mariana Gomes;Smartphone Samsung Galaxy;Brian Schulman;masculino;cartão de crédito
2025-12-01 20:07:08.086483;375;Florianópolis;Tiago Lima;Tablet Apple Ipad;Francis King;masculino;dinheiro
2025-12-01 21:52:07.518336;376;Belo Horizonte;Carlos Silva;Tablet Apple Ipad;Joseph Walker;masculino;boleto
2025-12-02 01:23:12.473960;377;Rio de Janeiro;Pedro Souza;Smartwatch Garmin;Charles Mccaffrey;masculino;dinheiro
2025-12-02 02:07:12.268632;378;Florianópolis;Gabriela Santos;Fone de Ouvido Sony;Johnathan Lobo;masculino;cartão de crédito
2025-12-02 02:35:05.543817;379;Rio de Janeiro;Juliana Almeida;Tablet Apple Ipad;Joseph Randolph;masculino;pix
2025-12-02 04:30:05.729803;380;São Paulo;Ana Oliveira;Smartphone Samsung Galaxy;Starla Keys;feminino;dinheiro
2025-12-02 19:33:12.476858;381;Porto Alegre;Roberto Ferreira;Smartwatch Garmin;Catherine Resnick;feminino;pix
2025-12-03 00:58:07.012004;382;Rio de Janeiro;Pedro Souza;Fone de Ouvido Sony;David Banda;masculino;dinheiro
2025-12-03 02:12:11.842484;383;Florianópolis;Tiago Lima;Notebook Dell Inspiron;Dorothy Smith;feminino;dinheiro
2025-12-03 03:26:10.699625;384;Rio de Janeiro;Juliana Almeida;Smartwatch Garmin;Bruce Kim;masculino;boleto
2025-12-03 05:11:12.734951;385;Porto Alegre;Roberto Ferreira;Tablet Apple Ipad;Tiffany Townsend;feminino;dinheiro
2025-12-03 05:15:07.220297;386;Florianópolis;Tiago Lima;Tablet Apple Ipad;Lee Thompson;feminino;cartão de crédito
2025-12-03 19:07:12.691416;387;São Paulo;Ana Oliveira;Tablet Apple Ipad;Jennifer Weiss;feminino;cartão de crédito
2025-12-04 01:00:04.813463;388;São Paulo;Ana Oliveira;Notebook Dell Inspiron;Michael Navarro;masculino;pix
2025-12-04 02:50:08.162439;389;Porto Alegre;Mariana Gomes;Smartphone Samsung Galaxy;Tracy Hill;feminino;boleto
2025-12-04 05:13:06.505369;390;Belo Horizonte;Fernanda Costa;Tablet Apple Ipad;Doris Clingerman;feminino;dinheiro
2025-12-04 20:09:13.657142;391;Florianópolis;Gabriela Santos;Tablet Apple Ipad;Dorothea Carroll;feminino;pix
2025-12-04 22:16:12.046927;392;Belo Horizonte;Carlos Silva;Tablet Apple Ipad;Gwendolyn Chu;feminino;cartão de crédito
2025-12-04 22:27:07.201524;393;Porto Alegre;Roberto Ferreira;Fone de Ouvido Sony;Samantha Hubbard;feminino;pix
2025-12-04 22:34:08.963221;394;Florianópolis;Tiago Lima;Smartphone Samsung Galaxy;Sonya Logan;feminino;pix
2025-12-05 02:18:06.401570;395;Florianópolis;Gabriela Santos;Fone de Ouvido Sony;Stella Banh;feminino;dinheiro
2025-12-05 05:17:05.531118;396;Florianópolis;Gabriela Santos;Notebook Dell Inspiron;Paulina Gregg;feminino;pix
2025-12-05 20:11:13.558869;397;Belo Horizonte;Carlos Silva;Smartwatch Garmin;Charles Atkins;masculino;boleto
2025-12-06 01:07:12.410460;398;Belo Horizonte;Carlos Silva;Smartphone Samsung Galaxy;Opal Carr;feminino;boleto
2025-12-06 20:17:05.607444;399;Rio de Janeiro;Juliana Almeida;Fone de Ouvido Sony;George Collymore;masculino;dinheiro
2025-12-07 03:08:14.181653;400;São Paulo;Lucas Pereira;Smartwatch Garmin;Anthony Pastorin;masculino;pix
2025-12-07 05:49:11.121041;401;Florianópolis;Tiago Lima;Notebook Dell Inspiron;Erin Williams;feminino;cartão de crédito
2025-12-07 21:03:08.338905;402;Belo Horizonte;Fernanda Costa;Smartwatch Garmin;Shannon Burrell;feminino;dinheiro
2025-12-07 21:45:13.334469;403;Belo Horizonte;Carlos Silva;Fone de Ouvido Sony;Agustina Soto;feminino;boleto
2025-12-07 22:01:12.046434;404;Belo Horizonte;Carlos Silva;Smartphone Samsung Galaxy;Marlene Bridges;feminino;boleto
2025-12-07 23:28:13.386983;405;São Paulo;Ana Oliveira;Notebook Dell Inspiron;Sondra Pathak;feminino;boleto
2025-12-08 00:30:07.670201;406;Porto Alegre;Roberto Ferreira;Tablet Apple Ipad;Judith Cardenas;feminino;dinheiro
2025-12-08 01:12:08.757950;407;Florianópolis;Gabriela Santos;Tablet Apple Ipad;Stephanie Jackson;feminino;pix
2025-12-08 19:14:10.457616;408;Belo Horizonte;Fernanda Costa;Smartphone Samsung Galaxy;Kimberly Uitz;feminino;pix
2025-12-08 20:48:09.605455;409;Belo Horizonte;Carlos Silva;Smartwatch Garmin;Arthur Henderson;masculino;cartão de crédito
2025-12-09 02:45:10.880432;410;São Paulo;Ana Oliveira;Smartwatch Garmin;Brady Spirer;masculino;dinheiro
2025-12-09 23:38:06.590195;411;Belo Horizonte;Carlos Silva;Fone de Ouvido Sony;Maria Elwood;feminino;pix
2025-12-10 00:55:13.047714;412;Florianópolis;Tiago Lima;Tablet Apple Ipad;Wayne Naiman;masculino;boleto
2025-12-10 05:30:11.162118;413;São Paulo;Ana Oliveira;Tablet Apple Ipad;Debra Tatum;feminino;dinheiro
2025-12-10 19:19:12.985425;414;Belo Horizonte;Fernanda Costa;Fone de Ouvido Sony;Sandra Kindred;feminino;pix
2025-12-10 20:50:09.948452;415;Rio de Janeiro;Juliana Almeida;Smartphone Samsung Galaxy;Kristen Counts;feminino;pix
2025-12-10 22:42:08.089513;416;São Paulo;Ana Oliveira;Fone de Ouvido Sony;Michael Craft;masculino;dinheiro
2025-12-11 00:08:14.164732;417;Rio de Janeiro;Juliana Almeida;Smartwatch Garmin;Peter Brinlee;masculino;dinheiro
2025-12-11 02:28:11.059042;418;Rio de Janeiro;Juliana Almeida;Smartphone Samsung Galaxy;Alvin Tillman;masculino;boleto
2025-12-11 04:20:07.055662;419;Rio de Janeiro;Pedro Souza;Notebook Dell Inspiron;Gloria Gabriel;feminino;pix
2025-12-11 18:56:14.253648;420;Belo Horizonte;Fernanda Costa;Tablet Apple Ipad;John Smith;masculino;dinheiro
2025-12-11 21:08:06.723142;421;Rio de Janeiro;Juliana Almeida;Fone de Ouvido Sony;Grace Aldrich;feminino;boleto
2025-12-11 21:23:12.581464;422;Belo Horizonte;Fernanda Costa;Fone de Ouvido Sony;Gordon Larkins;masculino;dinheiro
2025-12-12 04:36:12.359397;423;São Paulo;Lucas Pereira;Smartwatch Garmin;James Simpson;masculino;cartão de crédito
2025-12-12 05:28:10.165024;424;Rio de Janeiro;Juliana Almeida;Tablet Apple Ipad;Lori Cypert;feminino;pix
2025-12-12 21:44:08.726464;425;Belo Horizonte;Carlos Silva;Fone de Ouvido Sony;Sharon Center;feminino;cartão de crédito
2025-12-12 21:54:10.985904;426;Porto Alegre;Roberto Ferreira;Smartphone Samsung Galaxy;James Pollard;masculino;pix
2025-12-12 23:47:12.502180;427;São Paulo;Ana Oliveira;Fone de Ouvido Sony;Amanda Duncan;feminino;pix
2025-12-13 00:10:07.153433;428;São Paulo;Lucas Pereira;Notebook Dell Inspiron;Ramon Colbert;masculino;pix
2025-12-13 02:18:07.862896;429;São Paulo;Ana Oliveira;Tablet Apple Ipad;Donald Pace;masculino;boleto
2025-12-13 20:32:07.412257;430;Porto Alegre;Mariana Gomes;Notebook Dell Inspiron;David Battaglia;masculino;dinheiro
2025-12-13 20:35:11.440940;431;São Paulo;Lucas Pereira;Smartwatch Garmin;Hiram Jackson;masculino;cartão de crédito
2025-12-13 21:16:10.949014;432;Rio de Janeiro;Pedro Souza;Fone de Ouvido Sony;Charlie Pimentel;masculino;dinheiro
2025-12-13 23:09:11.190069;433;Florianópolis;Gabriela Santos;Tablet Apple Ipad;Sally Timothy;feminino;pix
2025-12-14 21:17:10.215313;434;Belo Horizonte;Carlos Silva;Notebook Dell Inspiron;Billy Gibson;masculino;pix
2025-12-14 23:19:11.434152;435;Florianópolis;Gabriela Santos;Smartwatch Garmin;Angela Thompson;feminino;cartão de crédito
2025-12-15 00:33:07.293802;436;Florianópolis;Gabriela Santos;Tablet Apple Ipad;Susan Theisen;feminino;boleto
2025-12-15 00:34:06.838817;437;Rio de Janeiro;Juliana Almeida;Smartphone Samsung Galaxy;Ruth Conway;feminino;pix
2025-12-15 01:33:11.059718;438;Florianópolis;Gabriela Santos;Tablet Apple Ipad;Robert Rollins;masculino;cartão de crédito
2025-12-15 01:48:09.862185;439;Rio de Janeiro;Juliana Almeida;Smartwatch Garmin;Kayleen Triplett;feminino;pix
2025-12-15 04:43:05.253187;440;Porto Alegre;Roberto Ferreira;Smartphone Samsung Galaxy;Misty Hunt;feminino;cartão de crédito
2025-12-16 03:25:10.878296;441;Rio de Janeiro;Pedro Souza;Smartphone Samsung Galaxy;Daniel Steward;masculino;boleto
2025-12-16 20:48:11.435015;442;Porto Alegre;Mariana Gomes;Smartwatch Garmin;Wilhelmina Quinn;feminino;pix
2025-12-16 23:41:09.480481;443;São Paulo;Lucas Pereira;Notebook Dell Inspiron;Roberta Bruce;feminino;dinheiro
2025-12-17 00:10:08.089192;444;São Paulo;Lucas Pereira;Smartwatch Garmin;Jennie Smith;feminino;pix
2025-12-17 01:44:09.269246;445;Rio de Janeiro;Pedro Souza;Smartphone Samsung Galaxy;Jose Thornton;masculino;pix
2025-12-17 02:50:12.476249;446;São Paulo;Lucas Pereira;Notebook Dell Inspiron;Doris Johnson;feminino;pix
2025-12-17 03:27:14.392197;447;São Paulo;Lucas Pereira;Smartwatch Garmin;Joanne Nixon;feminino;boleto
2025-12-17 03:39:07.468504;448;Porto Alegre;Mariana Gomes;Fone de Ouvido Sony;Warren Anderson;masculino;dinheiro
2025-12-17 04:19:10.579604;449;Porto Alegre;Roberto Ferreira;Smartwatch Garmin;Lloyd Lang;masculino;cartão de crédito
2025-12-17 21:09:06.810746;450;Porto Alegre;Roberto Ferreira;Fone de Ouvido Sony;Ronald Jones;masculino;dinheiro
2025-12-17 22:57:14.328141;451;Belo Horizonte;Carlos Silva;Smartphone Samsung Galaxy;Douglas Johnson;masculino;pix
2025-12-18 03:28:14.282136;452;Rio de Janeiro;Pedro Souza;Fone de Ouvido Sony;Donald Nickel;masculino;boleto
2025-12-18 22:26:11.006245;453;Rio de Janeiro;Juliana Almeida;Smartphone Samsung Galaxy;Shirley Pereda;feminino;dinheiro
2025-12-18 23:36:10.383594;454;Porto Alegre;Roberto Ferreira;Notebook Dell Inspiron;Sherry Sundt;feminino;pix
2025-12-19 00:57:05.733768;455;São Paulo;Ana Oliveira;Tablet Apple Ipad;Latonya Goff;feminino;dinheiro
2025-12-19 23:17:12.990007;456;Florianópolis;Tiago Lima;Smartwatch Garmin;Deborah White;feminino;cartão de crédito
2025-12-20 04:23:12.586860;457;São Paulo;Ana Oliveira;Tablet Apple Ipad;Carie Ferguson;feminino;dinheiro
2025-12-20 19:55:10.943341;458;São Paulo;Ana Oliveira;Tablet Apple Ipad;Bradley Harper;masculino;cartão de crédito
2025-12-20 20:03:06.925352;459;Florianópolis;Gabriela Santos;Smartwatch Garmin;Naomi Bishop;feminino;dinheiro
2025-12-20 20:09:07.781052;460;Porto Alegre;Roberto Ferreira;Fone de Ouvido Sony;Jeremy Adam;masculino;boleto
2025-12-20 21:39:11.948293;461;Rio de Janeiro;Juliana Almeida;Notebook Dell Inspiron;Brad Mclemore;masculino;pix
2025-12-21 01:14:09.311157;462;São Paulo;Ana Oliveira;Fone de Ouvido Sony;Jon Santelli;masculino;pix
2025-12-21 02:14:12.999999;463;Belo Horizonte;Carlos Silva;Smartphone Samsung Galaxy;Wendy Sake;feminino;pix
2025-12-21 19:22:12.229667;464;Porto Alegre;Mariana Gomes;Fone de Ouvido Sony;Douglas Biltz;masculino;boleto
2025-12-21 20:05:12.995431;465;Belo Horizonte;Fernanda Costa;Smartwatch Garmin;Damien Washington;masculino;dinheiro
2025-12-21 21:15:08.090064;466;Belo Horizonte;Fernanda Costa;Fone de Ouvido Sony;Hazel Johnson;feminino;boleto
2025-12-21 21:35:06.423056;467;Porto Alegre;Mariana Gomes;Notebook Dell Inspiron;Catherine Mackie;feminino;pix
2025-12-21 23:56:11.373909;468;Porto Alegre;Mariana Gomes;Smartphone Samsung Galaxy;Christina Mekee;feminino;cartão de crédito
2025-12-22 02:58:04.823660;469;Florianópolis;Tiago Lima;Smartphone Samsung Galaxy;Aurelia Wallace;feminino;pix
2025-12-22 21:58:13.248548;470;Belo Horizonte;Carlos Silva;Fone de Ouvido Sony;Deirdre Chisam;feminino;dinheiro
2025-12-22 23:46:08.912866;471;Belo Horizonte;Fernanda Costa;Notebook Dell Inspiron;Julie Bowman;feminino;dinheiro
2025-12-23 03:55:10.555460;472;Belo Horizonte;Carlos Silva;Notebook Dell Inspiron;Mark Dean;masculino;boleto
2025-12-23 05:20:05.832453;473;Belo Horizonte;Fernanda Costa;Smartwatch Garmin;Christine Rubin;feminino;pix
2025-12-23 21:58:09.772055;474;Florianópolis;Tiago Lima;Fone de Ouvido Sony;Elizabeth Rodriguez;feminino;pix
2025-12-24 01:44:13.730240;475;Belo Horizonte;Fernanda Costa;Fone de Ouvido Sony;Phillip Vincent;masculino;cartão de crédito
2025-12-24 01:53:11.820264;476;Porto Alegre;Roberto Ferreira;Smartphone Samsung Galaxy;Ofelia Waldal;feminino;cartão de crédito
2025-12-24 02:01:09.222299;477;Porto Alegre;Mariana Gomes;Notebook Dell Inspiron;Maude Danna;feminino;boleto
2025-12-24 05:34:07.039703;478;Florianópolis;Gabriela Santos;Tablet Apple Ipad;Georgeanna Sheikh;feminino;pix
2025-12-24 18:57:11.328333;479;Florianópolis;Gabriela Santos;Smartphone Samsung Galaxy;Jeffrey Shively;masculino;pix
2025-12-24 22:35:09.091096;480;São Paulo;Lucas Pereira;Fone de Ouvido Sony;Debora Brooks;feminino;pix
2025-12-24 23:20:13.687337;481;Porto Alegre;Roberto Ferreira;Smartwatch Garmin;Irene Camacho;feminino;pix
2025-12-24 23:39:05.722065;482;Porto Alegre;Mariana Gomes;Tablet Apple Ipad;Carl Griffith;masculino;dinheiro
2025-12-25 19:59:08.889725;483;Porto Alegre;Roberto Ferreira;Smartwatch Garmin;Pamela Cooper;feminino;boleto
2025-12-25 22:43:07.777275;484;Florianópolis;Tiago Lima;Smartwatch Garmin;Angelia Vasquez;feminino;boleto
2025-12-26 01:54:11.212978;485;São Paulo;Ana Oliveira;Smartwatch Garmin;Kenneth Lessard;masculino;cartão de crédito
2025-12-26 02:30:09.177842;486;Rio de Janeiro;Juliana Almeida;Notebook Dell Inspiron;Jennifer Hall;feminino;boleto
2025-12-26 03:39:05.854017;487;Porto Alegre;Roberto Ferreira;Smartwatch Garmin;William Dudley;masculino;cartão de crédito
2025-12-27 02:01:05.494436;488;São Paulo;Ana Oliveira;Tablet Apple Ipad;Albert Stiltner;masculino;pix
2025-12-27 02:07:13.961902;489;São Paulo;Ana Oliveira;Tablet Apple Ipad;Tara Walker;feminino;pix
2025-12-27 04:27:08.913207;490;São Paulo;Ana Oliveira;Notebook Dell Inspiron;Lindsay Waren;feminino;dinheiro
2025-12-27 04:30:10.879775;491;Rio de Janeiro;Pedro Souza;Fone de Ouvido Sony;Susan Snider;feminino;pix
2025-12-27 04:44:05.607128;492;Porto Alegre;Mariana Gomes;Tablet Apple Ipad;Margaret Nelson;feminino;dinheiro
2025-12-27 21:50:06.888734;493;Rio de Janeiro;Pedro Souza;Tablet Apple Ipad;Annamaria Zavala;feminino;pix
2025-12-27 22:19:13.643522;494;Belo Horizonte;Carlos Silva;Smartwatch Garmin;Jennifer Adamson;feminino;boleto
2025-12-27 22:57:05.881188;495;Rio de Janeiro;Pedro Souza;Notebook Dell Inspiron;Rebecca Brew;feminino;dinheiro
2025-12-28 04:55:08.326707;496;Florianópolis;Tiago Lima;Tablet Apple Ipad;Doyle Piper;masculino;dinheiro
2025-12-28 05:04:09.445898;497;Rio de Janeiro;Juliana Almeida;Tablet Apple Ipad;Randy Gonzalez;masculino;boleto
2025-12-28 19:25:06.758732;498;Belo Horizonte;Carlos Silva;Smartwatch Garmin;Beatrice Janow;feminino;dinheiro
2025-12-28 20:37:10.601035;499;Rio de Janeiro;Pedro Souza;Tablet Apple Ipad;Joseph Montgomery;masculino;pix
2025-12-28 21:19:05.236641;500;Porto Alegre;Roberto Ferreira;Smartwatch Garmin;Elizabeth Burrell;feminino;pix
2025-12-29 00:19:14.005843;501;Rio de Janeiro;Juliana Almeida;Smartwatch Garmin;Carl Kesler;masculino;boleto
2025-12-29 03:01:10.876831;502;Rio de Janeiro;Juliana Almeida;Fone de Ouvido Sony;Michael Moore;masculino;dinheiro
2025-12-29 21:25:07.682159;503;Porto Alegre;Mariana Gomes;Smartphone Samsung Galaxy;Marci Orbin;feminino;boleto
2025-12-30 00:30:14.385009;504;Belo Horizonte;Fernanda Costa;Fone de Ouvido Sony;Leroy Nelson;masculino;cartão de crédito
2025-12-30 01:25:07.518872;505;Belo Horizonte;Fernanda Costa;Smartphone Samsung Galaxy;Thomas Dilley;masculino;dinheiro
2025-12-30 01:45:13.137359;506;Florianópolis;Tiago Lima;Smartwatch Garmin;Alan Turner;masculino;boleto
2025-12-30 02:12:07.561721;507;Porto Alegre;Mariana Gomes;Smartphone Samsung Galaxy;David Otting;masculino;cartão de crédito
2025-12-30 02:50:09.813610;508;Rio de Janeiro;Pedro Souza;Fone de Ouvido Sony;Marion Stribling;feminino;dinheiro
2025-12-30 04:50:09.772292;509;Rio de Janeiro;Juliana Almeida;Smartwatch Garmin;Ashley Giller;feminino;boleto
2025-12-30 20:17:06.431514;510;Porto Alegre;Mariana Gomes;Fone de Ouvido Sony;Dennis Cornell;masculino;dinheiro
2025-12-30 22:28:11.490939;511;Porto Alegre;Roberto Ferreira;Notebook Dell Inspiron;William Spalding;masculino;dinheiro
2025-12-30 23:32:08.460837;512;São Paulo;Ana Oliveira;Notebook Dell Inspiron;Sara Stanley;feminino;dinheiro
2025-12-31 00:24:13.670250;513;Belo Horizonte;Carlos Silva;Smartwatch Garmin;Daniel Tupper;masculino;pix
2025-12-31 03:18:09.726411;514;Florianópolis;Gabriela Santos;Notebook Dell Inspiron;Clayton Nelson;masculino;boleto
2025-12-31 03:59:08.162677;515;Rio de Janeiro;Pedro Souza;Smartphone Samsung Galaxy;Gladys Hopkins;feminino;boleto
2025-12-31 04:31:08.366705;516;São Paulo;Lucas Pereira;Smartphone Samsung Galaxy;Benton Paz;masculino;cartão de crédito
2025-12-31 05:52:10.017156;517;Porto Alegre;Roberto Ferreira;Fone de Ouvido Sony;Darren Doyle;masculino;cartão de crédito
2025-12-31 21:27:14.257345;518;Florianópolis;Tiago Lima;Tablet Apple Ipad;Ramon Wood;masculino;cartão de crédito
2026-01-01 05:34:08.364136;519;Florianópolis;Tiago Lima;Smartwatch Garmin;Delma Custer;feminino;dinheiro
2026-01-01 22:11:07.786625;520;Belo Horizonte;Carlos Silva;Tablet Apple Ipad;Josefa Haas;feminino;cartão de crédito
2026-01-02 00:37:13.971202;521;Florianópolis;Tiago Lima;Tablet Apple Ipad;John Sawyer;masculino;dinheiro
2026-01-02 03:15:09.270862;522;Belo Horizonte;Fernanda Costa;Smartwatch Garmin;Myra Wallace;feminino;pix
2026-01-02 05:54:08.090300;523;Porto Alegre;Roberto Ferreira;Tablet Apple Ipad;Bruce Mendes;masculino;boleto
2026-01-02 23:44:05.360904;524;Porto Alegre;Mariana Gomes;Fone de Ouvido Sony;Stacey Yacko;feminino;pix
2026-01-03 00:17:12.430435;525;Porto Alegre;Mariana Gomes;Smartwatch Garmin;Ariel Watson;feminino;pix
2026-01-03 02:55:09.770649;526;Florianópolis;Tiago Lima;Smartphone Samsung Galaxy;Dennis Peterson;masculino;pix
2026-01-03 05:05:14.257655;527;Belo Horizonte;Fernanda Costa;Smartphone Samsung Galaxy;Nathaniel Gianotti;masculino;dinheiro
2026-01-03 19:11:13.596624;528;Rio de Janeiro;Juliana Almeida;Smartphone Samsung Galaxy;George Ridgway;masculino;boleto
2026-01-03 22:09:12.580914;529;Florianópolis;Gabriela Santos;Notebook Dell Inspiron;Judith Harrell;feminino;dinheiro
2026-01-04 00:42:10.481132;530;Florianópolis;Tiago Lima;Tablet Apple Ipad;Kristen Zasso;feminino;boleto
2026-01-04 00:44:06.751181;531;Belo Horizonte;Fernanda Costa;Smartphone Samsung Galaxy;Diane Rodriguez;feminino;cartão de crédito
2026-01-04 01:45:10.908942;532;Belo Horizonte;Carlos Silva;Notebook Dell Inspiron;Doris Donahue;feminino;pix
2026-01-04 05:13:10.879109;533;Porto Alegre;Roberto Ferreira;Tablet Apple Ipad;Ethel Mccarty;feminino;pix
2026-01-04 19:00:13.565474;534;Florianópolis;Gabriela Santos;Fone de Ouvido Sony;Albert Rierson;masculino;pix
2026-01-04 19:49:12.029498;535;Belo Horizonte;Fernanda Costa;Fone de Ouvido Sony;Steve Wiseman;masculino;pix
2026-01-04 21:53:12.507796;536;São Paulo;Ana Oliveira;Smartphone Samsung Galaxy;Gladys Scoggins;feminino;cartão de crédito
2026-01-05 04:22:09.856654;537;Belo Horizonte;Fernanda Costa;Smartphone Samsung Galaxy;Mary Crandall;feminino;pix
2026-01-05 04:53:10.943933;538;Rio de Janeiro;Juliana Almeida;Smartwatch Garmin;Brandon Hanner;masculino;boleto
2026-01-05 19:22:13.481377;539;Florianópolis;Gabriela Santos;Tablet Apple Ipad;Garry Schmidt;masculino;boleto
2026-01-05 19:39:10.402231;540;Rio de Janeiro;Juliana Almeida;Smartphone Samsung Galaxy;Roy Walsh;masculino;cartão de crédito
2026-01-05 23:04:11.933720;541;Rio de Janeiro;Juliana Almeida;Notebook Dell Inspiron;Jose Manly;masculino;pix
2026-01-06 00:08:13.248277;542;Belo Horizonte;Carlos Silva;Fone de Ouvido Sony;Betty Rice;feminino;dinheiro
2026-01-06 00:27:09.309763;543;São Paulo;Ana Oliveira;Smartphone Samsung Galaxy;Angelica Seay;feminino;dinheiro
2026-01-06 00:29:09.931042;544;Rio de Janeiro;Pedro Souza;Smartwatch Garmin;Robert Robert;masculino;cartão de crédito
2026-01-06 02:02:12.694042;545;Porto Alegre;Mariana Gomes;Smartwatch Garmin;James Carroll;masculino;boleto
2026-01-06 02:04:10.199769;546;Belo Horizonte;Fernanda Costa;Smartwatch Garmin;Cinderella Romo;feminino;dinheiro
2026-01-06 02:48:13.704460;547;Rio de Janeiro;Pedro Souza;Smartwatch Garmin;Scott Hams;masculino;cartão de crédito
2026-01-06 03:16:08.087107;548;São Paulo;Ana Oliveira;Notebook Dell Inspiron;Charles Worthington;masculino;dinheiro
2026-01-06 03:30:10.846933;549;São Paulo;Lucas Pereira;Smartwatch Garmin;Scott Raygoza;masculino;boleto
2026-01-06 04:13:11.299300;550;Rio de Janeiro;Juliana Almeida;Tablet Apple Ipad;Bennett Bream;masculino;pix
2026-01-06 05:43:10.703321;551;Belo Horizonte;Fernanda Costa;Tablet Apple Ipad;Melissa William;feminino;boleto
2026-01-06 19:00:09.722298;552;Porto Alegre;Roberto Ferreira;Notebook Dell Inspiron;Virgil Sprague;masculino;pix
2026-01-06 19:50:11.713403;553;Belo Horizonte;Fernanda Costa;Smartphone Samsung Galaxy;Cleveland Mcguinness;masculino;pix
2026-01-06 20:55:10.018190;554;Florianópolis;Tiago Lima;Smartphone Samsung Galaxy;Jennifer Henderson;feminino;boleto
2026-01-06 23:15:06.398410;555;Florianópolis;Gabriela Santos;Notebook Dell Inspiron;Mark Bryant;masculino;cartão de crédito
2026-01-07 01:53:13.203897;556;Porto Alegre;Roberto Ferreira;Notebook Dell Inspiron;Geneva Mcclanahan;feminino;pix
2026-01-07 02:30:07.906064;557;Porto Alegre;Roberto Ferreira;Tablet Apple Ipad;Charlotte Godwin;feminino;dinheiro
2026-01-07 02:39:10.653528;558;Florianópolis;Gabriela Santos;Notebook Dell Inspiron;Richard Hobbs;masculino;dinheiro
2026-01-07 02:40:09.830371;559;Rio de Janeiro;Pedro Souza;Tablet Apple Ipad;Brian White;masculino;cartão de crédito
2026-01-07 03:08:12.735387;560;São Paulo;Ana Oliveira;Smartphone Samsung Galaxy;Martin Singer;masculino;dinheiro
2026-01-07 03:54:12.321809;561;Porto Alegre;Roberto Ferreira;Notebook Dell Inspiron;Orlando Griffin;masculino;cartão de crédito
2026-01-07 04:24:05.691096;562;Porto Alegre;Mariana Gomes;Tablet Apple Ipad;Amy Lyles;feminino;boleto
2026-01-07 21:43:11.129525;563;Porto Alegre;Mariana Gomes;Notebook Dell Inspiron;Ashlie Phillips;feminino;dinheiro
2026-01-08 01:03:08.890212;564;Florianópolis;Tiago Lima;Tablet Apple Ipad;Jerry Benavides;masculino;boleto
2026-01-08 01:19:10.203065;565;Rio de Janeiro;Juliana Almeida;Notebook Dell Inspiron;Joleen Thomas;feminino;pix
2026-01-08 05:11:10.342362;566;São Paulo;Lucas Pereira;Notebook Dell Inspiron;Myrtie Butler;feminino;pix
2026-01-08 05:35:12.091352;567;São Paulo;Ana Oliveira;Tablet Apple Ipad;Steven Miller;masculino;boleto
2026-01-08 05:40:12.170127;568;Belo Horizonte;Carlos Silva;Notebook Dell Inspiron;Maria Jackson;feminino;cartão de crédito
2026-01-08 19:22:08.160859;569;Rio de Janeiro;Pedro Souza;Fone de Ouvido Sony;Nancy Smart;feminino;dinheiro
2026-01-08 19:45:06.384830;570;Rio de Janeiro;Pedro Souza;Smartphone Samsung Galaxy;William Gee;masculino;pix
2026-01-08 22:13:13.336921;571;Belo Horizonte;Carlos Silva;Notebook Dell Inspiron;Troy Cameron;masculino;dinheiro
2026-01-08 22:57:08.093813;572;Porto Alegre;Roberto Ferreira;Fone de Ouvido Sony;Kelly Soffel;feminino;boleto
2026-01-09 02:54:12.028020;573;Rio de Janeiro;Pedro Souza;Notebook Dell Inspiron;Jimmy Bain;masculino;cartão de crédito
2026-01-09 03:54:13.686924;574;Florianópolis;Gabriela Santos;Fone de Ouvido Sony;Pamela Wilson;feminino;pix
2026-01-09 04:31:09.087589;575;Porto Alegre;Mariana Gomes;Notebook Dell Inspiron;Manuel Coppola;masculino;dinheiro
2026-01-09 04:50:08.322853;576;São Paulo;Lucas Pereira;Notebook Dell Inspiron;Yvette Rogers;feminino;cartão de crédito
2026-01-10 18:56:08.347653;577;Belo Horizonte;Fernanda Costa;Notebook Dell Inspiron;Diane Pullis;feminino;dinheiro
2026-01-10 20:13:08.651199;578;Florianópolis;Tiago Lima;Smartwatch Garmin;Edward Fennel;masculino;dinheiro
2026-01-10 20:17:13.653969;579;Belo Horizonte;Fernanda Costa;Fone de Ouvido Sony;Robert Payne;masculino;dinheiro
2026-01-10 23:04:12.166677;580;Florianópolis;Tiago Lima;Tablet Apple Ipad;Jonathan Herman;masculino;boleto
2026-01-10 23:38:13.361230;581;Rio de Janeiro;Juliana Almeida;Smartwatch Garmin;Lucille Hollister;feminino;cartão de crédito
2026-01-11 01:14:12.276972;582;São Paulo;Lucas Pereira;Smartwatch Garmin;Ramona Pearman;feminino;cartão de crédito
2026-01-11 01:48:09.884477;583;Rio de Janeiro;Pedro Souza;Tablet Apple Ipad;Jeremy Gable;masculino;boleto
2026-01-11 04:48:08.873190;584;Belo Horizonte;Carlos Silva;Tablet Apple Ipad;John Duhart;masculino;boleto
2026-01-11 05:01:08.891311;585;Porto Alegre;Roberto Ferreira;Tablet Apple Ipad;Mario Banks;masculino;pix
2026-01-11 20:32:09.419729;586;Belo Horizonte;Carlos Silva;Notebook Dell Inspiron;Jeanne Urda;feminino;pix
2026-01-11 20:58:08.428976;587;Rio de Janeiro;Juliana Almeida;Smartphone Samsung Galaxy;Jessica Harrison;feminino;pix
2026-01-12 01:15:08.161446;588;São Paulo;Ana Oliveira;Smartwatch Garmin;Mary Yeager;feminino;cartão de crédito
2026-01-12 02:52:13.555955;589;Rio de Janeiro;Juliana Almeida;Smartwatch Garmin;Lourdes Catron;feminino;boleto
2026-01-12 05:16:13.654208;590;Florianópolis;Tiago Lima;Smartphone Samsung Galaxy;David Baker;masculino;boleto
2026-01-12 20:48:09.854307;591;São Paulo;Lucas Pereira;Smartwatch Garmin;Frank Crutchfield;masculino;pix
2026-01-13 01:25:12.323073;592;Rio de Janeiro;Pedro Souza;Notebook Dell Inspiron;Jeffrey Wagoner;masculino;dinheiro
2026-01-13 02:36:13.981989;593;Florianópolis;Tiago Lima;Notebook Dell Inspiron;Peter Couts;masculino;cartão de crédito
2026-01-13 03:03:07.220034;594;Belo Horizonte;Carlos Silva;Fone de Ouvido Sony;Jose Edwards;masculino;cartão de crédito
2026-01-13 03:55:13.602878;595;Florianópolis;Gabriela Santos;Notebook Dell Inspiron;Bryan Cremona;masculino;pix
2026-01-13 21:12:07.585935;596;São Paulo;Ana Oliveira;Notebook Dell Inspiron;John Roesser;masculino;boleto
2026-01-13 21:49:06.996001;597;Porto Alegre;Mariana Gomes;Notebook Dell Inspiron;Richard Poche;masculino;dinheiro
2026-01-14 01:58:10.597038;598;Florianópolis;Tiago Lima;Notebook Dell Inspiron;Albert Williams;masculino;cartão de crédito
2026-01-14 02:27:10.648586;599;Florianópolis;Tiago Lima;Smartwatch Garmin;Leah Beam;feminino;pix
2026-01-14 03:33:07.189910;600;São Paulo;Ana Oliveira;Notebook Dell Inspiron;Juan Flake;masculino;dinheiro
2026-01-14 20:13:04.956353;601;Florianópolis;Tiago Lima;Tablet Apple Ipad;Michael Plemons;masculino;boleto
2026-01-14 22:06:08.663223;602;Rio de Janeiro;Pedro Souza;Smartwatch Garmin;Ryan Jim;masculino;boleto
2026-01-15 04:32:07.431069;603;Belo Horizonte;Fernanda Costa;Tablet Apple Ipad;Albert Hunt;masculino;cartão de crédito
2026-01-15 19:38:07.414431;604;Florianópolis;Gabriela Santos;Smartwatch Garmin;Sarah Swedlund;feminino;dinheiro
2026-01-15 20:11:06.419104;605;Belo Horizonte;Carlos Silva;Tablet Apple Ipad;Cassie Gaskins;feminino;cartão de crédito
2026-01-15 20:18:10.047774;606;Florianópolis;Gabriela Santos;Smartphone Samsung Galaxy;Krista Vance;feminino;boleto
2026-01-15 20:40:06.818368;607;Belo Horizonte;Carlos Silva;Notebook Dell Inspiron;Beatrice Rush;feminino;boleto
2026-01-15 20:55:09.479778;608;Florianópolis;Gabriela Santos;Tablet Apple Ipad;William Barnes;masculino;dinheiro
2026-01-15 21:21:04.726881;609;São Paulo;Lucas Pereira;Fone de Ouvido Sony;Jennifer Holleran;feminino;dinheiro
2026-01-15 21:58:12.511247;610;Porto Alegre;Roberto Ferreira;Notebook Dell Inspiron;Royce Velasquez;masculino;cartão de crédito
2026-01-15 22:14:13.962201;611;Florianópolis;Gabriela Santos;Notebook Dell Inspiron;Jolene Morrow;feminino;boleto
2026-01-16 00:51:08.889474;612;Belo Horizonte;Carlos Silva;Notebook Dell Inspiron;Scott Martinez;masculino;boleto
2026-01-16 01:24:10.951065;613;São Paulo;Ana Oliveira;Smartwatch Garmin;Bruce Wilson;masculino;boleto
2026-01-16 21:39:10.558925;614;Rio de Janeiro;Juliana Almeida;Fone de Ouvido Sony;Lisa Gade;feminino;pix
2026-01-17 05:35:10.438695;615;Rio de Janeiro;Pedro Souza;Smartphone Samsung Galaxy;Rebecca Shear;feminino;boleto
2026-01-17 05:51:11.717516;616;Rio de Janeiro;Juliana Almeida;Tablet Apple Ipad;Iris Bland;feminino;pix
2026-01-18 00:02:11.016017;617;São Paulo;Ana Oliveira;Tablet Apple Ipad;Tara Laditka;feminino;pix
2026-01-18 03:03:09.726088;618;Florianópolis;Gabriela Santos;Smartwatch Garmin;Mark Chavez;masculino;boleto
2026-01-18 05:06:13.961207;619;Belo Horizonte;Fernanda Costa;Tablet Apple Ipad;Sophie Graham;feminino;cartão de crédito
2026-01-18 05:35:08.674641;620;Florianópolis;Gabriela Santos;Notebook Dell Inspiron;Michelle Ward;feminino;cartão de crédito
2026-01-18 19:22:08.339853;621;São Paulo;Lucas Pereira;Notebook Dell Inspiron;John Hernandez;masculino;pix
2026-01-18 21:18:05.282792;622;Belo Horizonte;Fernanda Costa;Fone de Ouvido Sony;Cecilia Lint;feminino;dinheiro
2026-01-18 22:00:09.308631;623;Rio de Janeiro;Juliana Almeida;Tablet Apple Ipad;Cecilia Gilbert;feminino;dinheiro
2026-01-18 22:07:07.206145;624;São Paulo;Ana Oliveira;Smartwatch Garmin;Lucy Munn;feminino;dinheiro
2026-01-18 23:38:07.903795;625;Porto Alegre;Roberto Ferreira;Fone de Ouvido Sony;Terrence Rivera;masculino;pix
2026-01-19 00:29:04.821283;626;Belo Horizonte;Fernanda Costa;Smartphone Samsung Galaxy;Charles Gibbons;masculino;cartão de crédito
2026-01-19 01:45:10.045603;627;Porto Alegre;Roberto Ferreira;Smartphone Samsung Galaxy;Carla Davis;feminino;boleto
2026-01-19 04:56:10.297873;628;Porto Alegre;Roberto Ferreira;Smartphone Samsung Galaxy;Jamie Haller;feminino;boleto
2026-01-19 05:48:11.775547;629;Porto Alegre;Roberto Ferreira;Smartwatch Garmin;Edward Manges;masculino;dinheiro
2026-01-19 19:19:11.448379;630;Florianópolis;Gabriela Santos;Fone de Ouvido Sony;Janis Maresco;feminino;boleto
2026-01-19 19:55:07.219277;631;Florianópolis;Tiago Lima;Tablet Apple Ipad;Cleo Gross;feminino;cartão de crédito
2026-01-19 20:32:13.118144;632;São Paulo;Ana Oliveira;Notebook Dell Inspiron;Brian Thames;masculino;boleto
2026-01-19 20:49:11.951484;633;Porto Alegre;Roberto Ferreira;Tablet Apple Ipad;Richard Cales;masculino;dinheiro
2026-01-19 21:43:05.844203;634;Florianópolis;Tiago Lima;Smartphone Samsung Galaxy;Anne Harrington;feminino;cartão de crédito
2026-01-19 21:49:09.943924;635;São Paulo;Lucas Pereira;Notebook Dell Inspiron;John Streeter;masculino;dinheiro
2026-01-19 23:51:09.269686;636;Florianópolis;Tiago Lima;Fone de Ouvido Sony;Kieth Bright;masculino;boleto
2026-01-20 02:50:11.053684;637;Porto Alegre;Roberto Ferreira;Smartwatch Garmin;Sharon Taylor;feminino;boleto
2026-01-20 03:04:09.087007;638;Belo Horizonte;Fernanda Costa;Notebook Dell Inspiron;Glenn Boyd;masculino;pix
2026-01-20 03:18:11.102668;639;Florianópolis;Gabriela Santos;Smartphone Samsung Galaxy;Richard Hitt;masculino;boleto
2026-01-20 04:43:13.755877;640;Florianópolis;Gabriela Santos;Smartphone Samsung Galaxy;Luvenia Branch;feminino;dinheiro
2026-01-20 05:29:13.964999;641;Rio de Janeiro;Pedro Souza;Notebook Dell Inspiron;Donna Davis;feminino;boleto
2026-01-20 19:09:08.766373;642;Rio de Janeiro;Juliana Almeida;Fone de Ouvido Sony;Linda Stark;feminino;pix
2026-01-20 19:35:14.390364;643;Florianópolis;Tiago Lima;Tablet Apple Ipad;Anthony Streeter;masculino;boleto
2026-01-20 22:44:11.493741;644;São Paulo;Ana Oliveira;Smartphone Samsung Galaxy;David Fortune;masculino;boleto
2026-01-21 02:34:09.090301;645;Porto Alegre;Roberto Ferreira;Fone de Ouvido Sony;Donald Gray;masculino;boleto
2026-01-21 04:41:11.692429;646;São Paulo;Ana Oliveira;Tablet Apple Ipad;Mary Burton;feminino;boleto
2026-01-21 21:29:07.773308;647;Florianópolis;Tiago Lima;Notebook Dell Inspiron;Sally Chaffee;feminino;cartão de crédito
2026-01-22 02:51:12.203763;648;Porto Alegre;Mariana Gomes;Notebook Dell Inspiron;Steven Davis;masculino;cartão de crédito
2026-01-22 03:05:13.938752;649;Rio de Janeiro;Juliana Almeida;Notebook Dell Inspiron;Joseph Powell;masculino;pix
2026-01-22 04:51:05.741065;650;Porto Alegre;Roberto Ferreira;Smartphone Samsung Galaxy;Scott Laury;masculino;cartão de crédito
2026-01-22 05:27:08.486215;651;São Paulo;Ana Oliveira;Notebook Dell Inspiron;Michael Mieloszyk;masculino;cartão de crédito
2026-01-22 20:32:10.744205;652;Belo Horizonte;Carlos Silva;Smartphone Samsung Galaxy;Stephanie Hinz;feminino;pix
2026-01-22 20:58:13.136954;653;São Paulo;Lucas Pereira;Notebook Dell Inspiron;Billy Silva;masculino;pix
2026-01-22 22:33:07.560941;654;Porto Alegre;Mariana Gomes;Fone de Ouvido Sony;Rachel Gilmore;feminino;boleto
2026-01-23 00:29:06.535260;655;São Paulo;Ana Oliveira;Tablet Apple Ipad;Julie Barnett;feminino;pix
2026-01-23 00:53:05.139539;656;Belo Horizonte;Carlos Silva;Smartwatch Garmin;William Hawkes;masculino;boleto
2026-01-23 01:32:10.017685;657;Porto Alegre;Roberto Ferreira;Smartwatch Garmin;Justin Hoover;masculino;pix
2026-01-23 03:31:10.512030;658;Florianópolis;Gabriela Santos;Smartwatch Garmin;Daniel Kerr;masculino;pix
2026-01-23 04:59:05.810650;659;Rio de Janeiro;Pedro Souza;Tablet Apple Ipad;Deborah Johnson;feminino;cartão de crédito
2026-01-23 19:57:09.942074;660;Rio de Janeiro;Pedro Souza;Smartwatch Garmin;James Griffin;masculino;dinheiro
2026-01-23 20:21:09.601219;661;Florianópolis;Tiago Lima;Smartphone Samsung Galaxy;Adam Fix;masculino;boleto
2026-01-24 00:02:13.764708;662;São Paulo;Ana Oliveira;Fone de Ouvido Sony;Gilberto Smith;masculino;boleto
2026-01-24 00:06:14.376028;663;Porto Alegre;Mariana Gomes;Smartwatch Garmin;Mark Cadena;masculino;dinheiro
2026-01-24 00:08:12.846698;664;São Paulo;Lucas Pereira;Notebook Dell Inspiron;John Johnston;masculino;pix
2026-01-24 05:52:09.628826;665;Porto Alegre;Roberto Ferreira;Notebook Dell Inspiron;Roman Washington;masculino;cartão de crédito
2026-01-24 21:06:11.434752;666;Porto Alegre;Roberto Ferreira;Smartwatch Garmin;Norma Rodriguez;feminino;boleto
2026-01-24 22:06:12.779264;667;Belo Horizonte;Carlos Silva;Tablet Apple Ipad;Thomas Schaffer;masculino;pix
2026-01-24 22:55:13.961683;668;Rio de Janeiro;Juliana Almeida;Smartwatch Garmin;James Brown;masculino;cartão de crédito
2026-01-25 02:35:11.091999;669;Belo Horizonte;Fernanda Costa;Notebook Dell Inspiron;Terry Gayman;masculino;cartão de crédito
2026-01-25 04:15:05.761690;670;Belo Horizonte;Carlos Silva;Tablet Apple Ipad;Jimmie Wegman;masculino;pix
2026-01-25 05:08:06.947268;671;Porto Alegre;Roberto Ferreira;Smartwatch Garmin;Henry Huynh;masculino;pix
2026-01-25 19:34:08.584518;672;Porto Alegre;Roberto Ferreira;Smartwatch Garmin;Brian Jeanette;masculino;cartão de crédito
2026-01-25 21:38:10.063909;673;Belo Horizonte;Fernanda Costa;Fone de Ouvido Sony;Sean Matthewson;masculino;dinheiro
2026-01-25 21:55:12.927573;674;Florianópolis;Gabriela Santos;Smartphone Samsung Galaxy;James Rankin;masculino;dinheiro
2026-01-25 23:17:08.434554;675;Rio de Janeiro;Juliana Almeida;Fone de Ouvido Sony;Roger Oathout;masculino;dinheiro
2026-01-26 02:29:11.270468;676;Florianópolis;Gabriela Santos;Tablet Apple Ipad;Chandra Madden;feminino;pix
2026-01-26 03:04:14.044186;677;Belo Horizonte;Carlos Silva;Smartphone Samsung Galaxy;Dennis Conyer;masculino;boleto
2026-01-26 03:17:08.945070;678;Rio de Janeiro;Juliana Almeida;Smartphone Samsung Galaxy;Sarah Patry;feminino;cartão de crédito
2026-01-26 21:49:07.314743;679;Belo Horizonte;Carlos Silva;Smartwatch Garmin;Brian Small;masculino;boleto
2026-01-27 21:46:13.487370;680;Florianópolis;Gabriela Santos;Notebook Dell Inspiron;Douglas Kuhn;masculino;cartão de crédito
2026-01-27 22:19:13.109425;681;Rio de Janeiro;Juliana Almeida;Smartwatch Garmin;Steven Hillard;masculino;cartão de crédito
2026-01-28 01:03:07.037604;682;São Paulo;Ana Oliveira;Notebook Dell Inspiron;Gary Harrell;masculino;cartão de crédito
2026-01-28 05:01:07.397499;683;São Paulo;Lucas Pereira;Notebook Dell Inspiron;Anthony Lee;masculino;boleto
2026-01-28 20:55:05.817673;684;Porto Alegre;Mariana Gomes;Tablet Apple Ipad;Maria Southern;feminino;cartão de crédito
2026-01-28 23:02:13.141299;685;Porto Alegre;Mariana Gomes;Smartwatch Garmin;Patricia Hall;feminino;boleto
2026-01-28 23:44:12.813898;686;Rio de Janeiro;Juliana Almeida;Notebook Dell Inspiron;Laura Moser;feminino;dinheiro
2026-01-29 03:40:04.810255;687;São Paulo;Lucas Pereira;Notebook Dell Inspiron;Gwendolyn Rowe;feminino;boleto
2026-01-29 05:36:13.322967;688;Rio de Janeiro;Pedro Souza;Smartwatch Garmin;Alice Towery;feminino;cartão de crédito
2026-01-29 19:38:12.512087;689;Belo Horizonte;Fernanda Costa;Smartwatch Garmin;Pamela Buckmaster;feminino;dinheiro
2026-01-29 19:42:08.712964;690;Florianópolis;Gabriela Santos;Smartwatch Garmin;Tyler Clayton;masculino;cartão de crédito
2026-01-29 22:55:06.593919;691;Florianópolis;Gabriela Santos;Fone de Ouvido Sony;Ruth Bock;feminino;cartão de crédito
2026-01-29 23:41:12.683848;692;Belo Horizonte;Fernanda Costa;Tablet Apple Ipad;Daniel York;feminino;cartão de crédito
2026-01-29 23:45:09.639563;693;São Paulo;Ana Oliveira;Smartwatch Garmin;Stephanie Cauley;feminino;boleto
2026-01-29 23:50:09.599152;694;Florianópolis;Tiago Lima;Fone de Ouvido Sony;Richard Reyes;masculino;cartão de crédito
2026-01-29 23:55:09.543946;695;Rio de Janeiro;Juliana Almeida;Notebook Dell Inspiron;Edgar Mcafee;masculino;pix
2026-01-30 00:38:14.109332;696;Belo Horizonte;Fernanda Costa;Smartphone Samsung Galaxy;Samuel Big;masculino;pix
2026-01-30 03:10:05.128872;697;Rio de Janeiro;Pedro Souza;Smartphone Samsung Galaxy;Derek Tickle;masculino;dinheiro
2026-01-30 03:39:10.054641;698;Porto Alegre;Roberto Ferreira;Smartphone Samsung Galaxy;Thomas Durham;masculino;boleto
2026-01-30 05:45:08.578881;699;Belo Horizonte;Fernanda Costa;Smartphone Samsung Galaxy;Scott Silvey;masculino;cartão de crédito
2026-01-30 19:05:12.690133;700;São Paulo;Lucas Pereira;Tablet Apple Ipad;Michael Guthrie;masculino;pix
2026-01-30 19:30:10.651309;701;Porto Alegre;Mariana Gomes;Fone de Ouvido Sony;Ashley Brown;feminino;boleto
2026-01-30 21:46:12.118813;702;Rio de Janeiro;Pedro Souza;Fone de Ouvido Sony;Barbara Wilson;feminino;cartão de crédito
2026-01-31 00:51:13.731324;703;Belo Horizonte;Fernanda Costa;Smartphone Samsung Galaxy;Mae Cagle;feminino;dinheiro
2026-01-31 01:17:08.752450;704;Rio de Janeiro;Juliana Almeida;Tablet Apple Ipad;Bruce Vanover;masculino;boleto
2026-01-31 02:18:09.090585;705;Rio de Janeiro;Pedro Souza;Tablet Apple Ipad;Joyce Cortez;feminino;cartão de crédito
2026-01-31 03:42:08.881256;706;Florianópolis;Tiago Lima;Smartwatch Garmin;James Schechter;masculino;boleto
2026-01-31 22:07:07.734328;707;Belo Horizonte;Fernanda Costa;Notebook Dell Inspiron;George Ly;masculino;cartão de crédito
2026-02-01 01:58:10.450688;708;Porto Alegre;Roberto Ferreira;Tablet Apple Ipad;Rodney Rosa;masculino;boleto
2026-02-01 03:43:11.298464;709;São Paulo;Lucas Pereira;Smartphone Samsung Galaxy;Jessica Salas;feminino;boleto
2026-02-01 04:50:14.239708;710;São Paulo;Lucas Pereira;Fone de Ouvido Sony;Jake Lowry;masculino;pix
2026-02-01 05:21:09.728096;711;Porto Alegre;Roberto Ferreira;Smartphone Samsung Galaxy;John Jackson;masculino;boleto
2026-02-01 19:50:14.150014;712;Porto Alegre;Roberto Ferreira;Smartphone Samsung Galaxy;Rosa Ferrigno;feminino;cartão de crédito
2026-02-02 03:11:09.571216;713;Rio de Janeiro;Pedro Souza;Notebook Dell Inspiron;Harold Workman;masculino;cartão de crédito
2026-02-02 05:31:08.163001;714;Porto Alegre;Mariana Gomes;Smartphone Samsung Galaxy;Sharon Minter;feminino;dinheiro
2026-02-02 05:44:12.815307;715;Rio de Janeiro;Pedro Souza;Fone de Ouvido Sony;Margaret Flint;feminino;cartão de crédito
2026-02-02 22:20:13.732488;716;São Paulo;Lucas Pereira;Fone de Ouvido Sony;Danny Avila;masculino;boleto
2026-02-02 22:22:11.495069;717;São Paulo;Lucas Pereira;Notebook Dell Inspiron;Shane Armstrong;masculino;pix
2026-02-02 23:31:11.000019;718;Rio de Janeiro;Juliana Almeida;Smartphone Samsung Galaxy;Michelle Comer;feminino;pix
2026-02-03 00:11:11.396443;719;Porto Alegre;Mariana Gomes;Notebook Dell Inspiron;Lynda Ebert;feminino;dinheiro
2026-02-03 01:24:10.616442;720;Florianópolis;Gabriela Santos;Tablet Apple Ipad;Steven Allen;masculino;boleto
2026-02-03 04:10:14.379092;721;Porto Alegre;Mariana Gomes;Smartwatch Garmin;Carol Turner;feminino;boleto
2026-02-03 22:14:10.582422;722;Rio de Janeiro;Juliana Almeida;Fone de Ouvido Sony;Victoria Wills;feminino;boleto
2026-02-04 00:45:12.204285;723;Rio de Janeiro;Pedro Souza;Tablet Apple Ipad;Beverly Hammond;feminino;dinheiro
2026-02-04 01:56:04.974159;724;Rio de Janeiro;Juliana Almeida;Tablet Apple Ipad;Stephen Vance;masculino;cartão de crédito
2026-02-04 02:38:08.716891;725;Rio de Janeiro;Juliana Almeida;Notebook Dell Inspiron;Bella Peterson;feminino;dinheiro
2026-02-04 21:26:13.676001;726;Belo Horizonte;Carlos Silva;Smartphone Samsung Galaxy;Horace Basye;masculino;cartão de crédito
2026-02-04 21:48:08.337997;727;Porto Alegre;Roberto Ferreira;Fone de Ouvido Sony;Jimmy Randolph;masculino;dinheiro
2026-02-05 00:21:11.722357;728;Rio de Janeiro;Juliana Almeida;Smartphone Samsung Galaxy;James Gilchrist;masculino;dinheiro
2026-02-05 01:57:09.654593;729;Florianópolis;Gabriela Santos;Smartphone Samsung Galaxy;Agnes Mason;feminino;pix
2026-02-05 02:08:09.129815;730;Rio de Janeiro;Juliana Almeida;Fone de Ouvido Sony;Jimmy Estrada;masculino;dinheiro
2026-02-05 03:32:08.424305;731;Rio de Janeiro;Juliana Almeida;Smartwatch Garmin;Teresa Rios;feminino;dinheiro
2026-02-05 18:56:05.753335;732;Belo Horizonte;Fernanda Costa;Fone de Ouvido Sony;Dina Hargreaves;feminino;cartão de crédito
2026-02-06 01:04:05.479668;733;Porto Alegre;Mariana Gomes;Smartwatch Garmin;Susan Tomassi;feminino;dinheiro
2026-02-06 01:31:08.124541;734;Belo Horizonte;Carlos Silva;Tablet Apple Ipad;Nicholas Green;masculino;dinheiro
2026-02-06 20:04:08.043209;735;Rio de Janeiro;Pedro Souza;Smartphone Samsung Galaxy;Tatiana Genova;feminino;pix
2026-02-06 21:22:06.053533;736;Porto Alegre;Roberto Ferreira;Smartphone Samsung Galaxy;Robert Jett;masculino;dinheiro
2026-02-06 21:37:05.532485;737;Porto Alegre;Mariana Gomes;Notebook Dell Inspiron;Teddy Perkins;masculino;cartão de crédito
2026-02-06 22:01:13.757579;738;Rio de Janeiro;Juliana Almeida;Smartphone Samsung Galaxy;Frances Cogswell;feminino;boleto
2026-02-06 23:04:10.365972;739;Belo Horizonte;Carlos Silva;Notebook Dell Inspiron;Barbara Xie;feminino;boleto
2026-02-07 01:39:12.969034;740;Rio de Janeiro;Pedro Souza;Smartwatch Garmin;Jose Wilson;masculino;dinheiro
2026-02-07 01:48:08.811667;741;Belo Horizonte;Carlos Silva;Smartwatch Garmin;Edith Lipner;feminino;cartão de crédito
2026-02-07 02:50:10.573037;742;Porto Alegre;Roberto Ferreira;Tablet Apple Ipad;Bradley Flournoy;masculino;boleto
2026-02-07 04:45:10.987424;743;Rio de Janeiro;Juliana Almeida;Fone de Ouvido Sony;Bonnie Wood;feminino;pix
2026-02-07 19:41:11.841576;744;São Paulo;Lucas Pereira;Notebook Dell Inspiron;Jerry Gray;masculino;cartão de crédito
2026-02-07 20:57:10.704474;745;São Paulo;Ana Oliveira;Fone de Ouvido Sony;Clyde Montelongo;masculino;pix
2026-02-07 21:59:08.056055;746;Rio de Janeiro;Juliana Almeida;Smartphone Samsung Galaxy;Delena Graham;feminino;boleto
2026-02-08 00:29:09.912729;747;São Paulo;Ana Oliveira;Smartphone Samsung Galaxy;Mary Guadian;feminino;cartão de crédito
2026-02-08 01:13:12.500839;748;Rio de Janeiro;Juliana Almeida;Notebook Dell Inspiron;Robert Myers;masculino;pix
2026-02-08 04:38:13.930147;749;Belo Horizonte;Carlos Silva;Smartphone Samsung Galaxy;Effie Vaughn;feminino;pix
2026-02-08 20:11:13.799596;750;Porto Alegre;Roberto Ferreira;Notebook Dell Inspiron;Bernice Eland;feminino;pix
2026-02-08 23:54:08.786604;751;Belo Horizonte;Fernanda Costa;Smartwatch Garmin;Leland Aggas;masculino;boleto
2026-02-09 05:37:13.488787;752;São Paulo;Ana Oliveira;Smartphone Samsung Galaxy;Roland Miller;masculino;dinheiro
2026-02-09 05:39:05.731453;753;Porto Alegre;Mariana Gomes;Smartphone Samsung Galaxy;Richard Fitts;masculino;cartão de crédito
2026-02-09 21:20:12.926921;754;Belo Horizonte;Fernanda Costa;Notebook Dell Inspiron;Jana Abbott;feminino;boleto
2026-02-09 21:53:14.333217;755;Rio de Janeiro;Pedro Souza;Fone de Ouvido Sony;Thelma Hall;feminino;boleto
2026-02-09 23:30:07.091627;756;São Paulo;Lucas Pereira;Tablet Apple Ipad;Gail Mcelroy;feminino;pix
2026-02-10 00:25:07.723744;757;Porto Alegre;Mariana Gomes;Smartphone Samsung Galaxy;James Moore;masculino;dinheiro
2026-02-10 02:06:12.972218;758;Rio de Janeiro;Pedro Souza;Fone de Ouvido Sony;Alan Bradt;masculino;cartão de crédito
2026-02-10 03:46:11.597476;759;São Paulo;Ana Oliveira;Notebook Dell Inspiron;Maria Johnson;feminino;pix
2026-02-10 05:22:12.584747;760;São Paulo;Lucas Pereira;Smartwatch Garmin;Kenneth Booker;masculino;dinheiro
2026-02-10 18:58:12.878595;761;Porto Alegre;Roberto Ferreira;Tablet Apple Ipad;Penny Gonzalez;feminino;cartão de crédito
2026-02-10 19:55:05.218444;762;Rio de Janeiro;Juliana Almeida;Tablet Apple Ipad;Maegan Santee;feminino;boleto
2026-02-10 21:14:09.560204;763;Rio de Janeiro;Pedro Souza;Notebook Dell Inspiron;James Grant;masculino;dinheiro
2026-02-10 21:50:09.444743;764;Rio de Janeiro;Pedro Souza;Fone de Ouvido Sony;Margie Best;feminino;boleto
2026-02-10 21:55:09.859237;765;Florianópolis;Gabriela Santos;Tablet Apple Ipad;Amanda Staggs;feminino;boleto
2026-02-10 22:16:13.136378;766;Belo Horizonte;Fernanda Costa;Smartphone Samsung Galaxy;Judith Campbell;feminino;dinheiro
2026-02-10 22:59:05.854664;767;Florianópolis;Tiago Lima;Smartwatch Garmin;Teresa Mangini;feminino;boleto
2026-02-10 23:06:09.954428;768;Belo Horizonte;Carlos Silva;Notebook Dell Inspiron;Lorenzo Skalicky;masculino;boleto
2026-02-10 23:15:10.337821;769;São Paulo;Ana Oliveira;Fone de Ouvido Sony;Al Rafferty;masculino;pix
2026-02-11 00:34:08.670685;770;Florianópolis;Gabriela Santos;Notebook Dell Inspiron;David Ward;masculino;boleto
2026-02-11 00:37:10.445911;771;Rio de Janeiro;Pedro Souza;Notebook Dell Inspiron;Margaret Braswell;feminino;dinheiro
2026-02-11 02:11:13.977799;772;São Paulo;Lucas Pereira;Fone de Ouvido Sony;Darlene Camp;feminino;dinheiro
2026-02-11 22:14:12.284493;773;Rio de Janeiro;Juliana Almeida;Tablet Apple Ipad;George Wilgus;masculino;dinheiro
2026-02-11 22:38:07.437973;774;Rio de Janeiro;Juliana Almeida;Smartphone Samsung Galaxy;Stacey Billie;feminino;pix
2026-02-12 00:45:06.683433;775;Florianópolis;Gabriela Santos;Smartwatch Garmin;Dwight Meilleur;masculino;dinheiro
2026-02-12 01:44:13.152287;776;São Paulo;Ana Oliveira;Smartphone Samsung Galaxy;Jennie Risser;feminino;boleto
2026-02-12 03:34:09.447292;777;São Paulo;Lucas Pereira;Tablet Apple Ipad;David Earlywine;masculino;boleto
2026-02-12 20:09:11.710917;778;Rio de Janeiro;Juliana Almeida;Notebook Dell Inspiron;Desiree Crowder;feminino;cartão de crédito
2026-02-12 20:34:12.092191;779;Rio de Janeiro;Pedro Souza;Tablet Apple Ipad;Carlos Fields;masculino;cartão de crédito
2026-02-12 20:54:10.059310;780;Belo Horizonte;Fernanda Costa;Tablet Apple Ipad;Vincent Specht;masculino;dinheiro
2026-02-12 21:58:08.058354;781;Belo Horizonte;Fernanda Costa;Fone de Ouvido Sony;Lesley Berney;feminino;dinheiro
2026-02-12 22:22:12.476517;782;Belo Horizonte;Carlos Silva;Smartphone Samsung Galaxy;Rebecca Mccoy;feminino;pix
2026-02-12 22:51:05.734857;783;São Paulo;Lucas Pereira;Smartphone Samsung Galaxy;Vincent Walton;masculino;dinheiro
2026-02-13 04:00:09.539748;784;Rio de Janeiro;Pedro Souza;Smartphone Samsung Galaxy;Larry Brooks;masculino;cartão de crédito
2026-02-13 04:02:08.971230;785;São Paulo;Lucas Pereira;Smartwatch Garmin;Tiffany Lewis;feminino;pix
2026-02-13 05:12:09.379104;786;Belo Horizonte;Carlos Silva;Notebook Dell Inspiron;Frank Byrd;masculino;cartão de crédito
2026-02-13 19:22:08.041797;787;São Paulo;Ana Oliveira;Smartphone Samsung Galaxy;Shavon Welch;feminino;pix
2026-02-13 20:29:10.583278;788;Porto Alegre;Mariana Gomes;Notebook Dell Inspiron;Jerry Gonzales;masculino;pix
2026-02-14 04:55:10.292737;789;São Paulo;Ana Oliveira;Notebook Dell Inspiron;Jacob Randolph;masculino;pix
2026-02-14 05:16:13.297030;790;Florianópolis;Gabriela Santos;Notebook Dell Inspiron;Gilbert Delagarza;masculino;boleto
2026-02-14 05:24:13.194536;791;Porto Alegre;Roberto Ferreira;Smartwatch Garmin;Eugene Mcclure;masculino;cartão de crédito
2026-02-14 22:43:09.115031;792;Florianópolis;Tiago Lima;Fone de Ouvido Sony;George Sholtis;masculino;boleto
2026-02-14 23:28:14.117552;793;Belo Horizonte;Fernanda Costa;Tablet Apple Ipad;Craig Yamakawa;masculino;cartão de crédito
2026-02-15 02:06:06.516267;794;Belo Horizonte;Fernanda Costa;Smartwatch Garmin;Kirk Angel;masculino;cartão de crédito
2026-02-15 20:56:14.253292;795;Belo Horizonte;Fernanda Costa;Fone de Ouvido Sony;Jenny White;feminino;dinheiro
2026-02-15 21:13:07.790445;796;São Paulo;Ana Oliveira;Smartphone Samsung Galaxy;David Slagle;masculino;boleto
2026-02-15 22:49:08.750082;797;Porto Alegre;Roberto Ferreira;Tablet Apple Ipad;James Smith;masculino;pix
2026-02-16 20:00:12.393409;798;Porto Alegre;Mariana Gomes;Notebook Dell Inspiron;Darlene Garza;feminino;boleto
2026-02-16 23:53:06.363544;799;Florianópolis;Tiago Lima;Smartwatch Garmin;Bernadette Mcnatt;feminino;cartão de crédito
2026-02-17 00:09:08.411549;800;Belo Horizonte;Fernanda Costa;Fone de Ouvido Sony;Edna Dimartino;feminino;dinheiro
2026-02-17 00:32:10.455672;801;São Paulo;Lucas Pereira;Tablet Apple Ipad;Geraldine Cooper;feminino;cartão de crédito
2026-02-17 01:58:13.917748;802;Porto Alegre;Mariana Gomes;Notebook Dell Inspiron;Brian Greenhaw;masculino;boleto
2026-02-17 04:32:06.184799;803;Florianópolis;Tiago Lima;Smartphone Samsung Galaxy;Jeffery Goh;masculino;cartão de crédito
2026-02-17 05:11:11.722091;804;Florianópolis;Tiago Lima;Tablet Apple Ipad;Pamela Cook;feminino;boleto
2026-02-17 19:30:09.373404;805;Porto Alegre;Roberto Ferreira;Smartphone Samsung Galaxy;Rodrick Brown;masculino;cartão de crédito
2026-02-17 23:37:09.728322;806;Florianópolis;Tiago Lima;Smartwatch Garmin;Maura Clum;feminino;boleto
2026-02-18 00:17:10.579343;807;São Paulo;Ana Oliveira;Fone de Ouvido Sony;Robert Porter;masculino;dinheiro
2026-02-18 19:08:11.583948;808;Belo Horizonte;Carlos Silva;Tablet Apple Ipad;Linda Cannata;feminino;cartão de crédito
2026-02-18 19:24:06.335270;809;Florianópolis;Gabriela Santos;Smartphone Samsung Galaxy;Douglas Hurley;masculino;cartão de crédito
2026-02-18 21:21:05.811455;810;Porto Alegre;Mariana Gomes;Smartwatch Garmin;Ted Morris;masculino;pix
2026-02-18 23:51:08.088231;811;São Paulo;Lucas Pereira;Smartphone Samsung Galaxy;Juan Shirley;masculino;cartão de crédito
2026-02-19 01:00:08.066780;812;Belo Horizonte;Carlos Silva;Fone de Ouvido Sony;Lillian Broten;feminino;pix
2026-02-19 01:22:10.210005;813;Porto Alegre;Mariana Gomes;Smartphone Samsung Galaxy;Louis Shearin;masculino;cartão de crédito
2026-02-19 02:44:11.060323;814;Porto Alegre;Roberto Ferreira;Smartphone Samsung Galaxy;Virginia Young;feminino;cartão de crédito
2026-02-19 20:08:07.800061;815;Florianópolis;Tiago Lima;Smartphone Samsung Galaxy;Milton Vega;masculino;pix
2026-02-20 00:47:10.908677;816;Belo Horizonte;Fernanda Costa;Smartwatch Garmin;Carolyn Johnson;feminino;dinheiro
2026-02-20 05:36:05.428726;817;Florianópolis;Tiago Lima;Smartwatch Garmin;Mario Auerswald;feminino;cartão de crédito
2026-02-20 05:47:13.165003;818;São Paulo;Lucas Pereira;Notebook Dell Inspiron;Cindy Shadle;feminino;boleto
2026-02-20 19:42:09.971033;819;Porto Alegre;Roberto Ferreira;Smartwatch Garmin;David Widmer;masculino;cartão de crédito
2026-02-20 20:20:14.381866;820;Belo Horizonte;Fernanda Costa;Notebook Dell Inspiron;Micheal Hillis;masculino;pix
2026-02-20 21:08:05.503125;821;Porto Alegre;Mariana Gomes;Fone de Ouvido Sony;Sara French;feminino;pix
2026-02-20 21:29:07.873049;822;Florianópolis;Tiago Lima;Smartphone Samsung Galaxy;Denise Charriez;feminino;dinheiro
2026-02-20 22:28:11.147573;823;São Paulo;Ana Oliveira;Notebook Dell Inspiron;Valerie Garner;feminino;dinheiro
2026-02-20 23:08:06.386135;824;Porto Alegre;Roberto Ferreira;Tablet Apple Ipad;Ella Days;feminino;pix
2026-02-20 23:36:05.399637;825;São Paulo;Lucas Pereira;Tablet Apple Ipad;Noah Pangelinan;masculino;dinheiro
2026-02-21 00:03:13.469269;826;Porto Alegre;Roberto Ferreira;Tablet Apple Ipad;Richard Shaw;masculino;boleto
2026-02-21 00:07:08.673706;827;Rio de Janeiro;Pedro Souza;Smartphone Samsung Galaxy;David Williams;masculino;cartão de crédito
2026-02-21 01:36:06.829079;828;Belo Horizonte;Carlos Silva;Fone de Ouvido Sony;Derek Matas;masculino;boleto
2026-02-21 19:38:13.295791;829;Porto Alegre;Mariana Gomes;Smartwatch Garmin;Carol Comer;feminino;boleto
2026-02-22 03:04:06.900741;830;Belo Horizonte;Carlos Silva;Fone de Ouvido Sony;Debra Stover;feminino;boleto
2026-02-22 03:42:11.015382;831;São Paulo;Ana Oliveira;Smartphone Samsung Galaxy;Derek Herring;masculino;boleto
2026-02-22 19:32:07.093405;832;Rio de Janeiro;Pedro Souza;Smartwatch Garmin;Doris Demarsico;feminino;dinheiro
2026-02-23 00:00:10.016868;833;Porto Alegre;Roberto Ferreira;Smartwatch Garmin;Dennis Dixon;masculino;cartão de crédito
2026-02-23 03:30:12.928992;834;Belo Horizonte;Fernanda Costa;Fone de Ouvido Sony;Felix Gambrill;masculino;boleto
2026-02-23 03:35:10.242332;835;Porto Alegre;Roberto Ferreira;Smartphone Samsung Galaxy;James Blews;masculino;pix
2026-02-24 03:07:09.560472;836;Belo Horizonte;Carlos Silva;Smartphone Samsung Galaxy;Andrew Mclead;masculino;dinheiro
2026-02-24 22:55:10.782463;837;Belo Horizonte;Fernanda Costa;Tablet Apple Ipad;Alice Sweet;feminino;cartão de crédito
2026-02-24 23:28:13.136057;838;Belo Horizonte;Fernanda Costa;Smartphone Samsung Galaxy;Lee Jackson;masculino;boleto
2026-02-25 00:05:08.119569;839;Belo Horizonte;Carlos Silva;Smartwatch Garmin;Jane Fly;feminino;pix
2026-02-25 00:52:10.616708;840;Belo Horizonte;Carlos Silva;Fone de Ouvido Sony;Sherri Casey;feminino;dinheiro
2026-02-25 01:11:10.241400;841;Florianópolis;Tiago Lima;Notebook Dell Inspiron;Charles Allen;masculino;pix
2026-02-25 01:20:13.653106;842;Belo Horizonte;Carlos Silva;Smartwatch Garmin;Robert Mason;masculino;dinheiro
2026-02-25 05:54:12.689278;843;Rio de Janeiro;Juliana Almeida;Notebook Dell Inspiron;Devon Moore;feminino;dinheiro
2026-02-25 19:18:13.279835;844;Florianópolis;Gabriela Santos;Notebook Dell Inspiron;John Atkins;masculino;boleto
2026-02-25 20:55:06.926963;845;Florianópolis;Gabriela Santos;Tablet Apple Ipad;Florence Hinderliter;feminino;dinheiro
2026-02-25 23:01:12.990245;846;Belo Horizonte;Fernanda Costa;Fone de Ouvido Sony;Kenneth Brewster;masculino;pix
2026-02-26 00:24:10.156358;847;Rio de Janeiro;Pedro Souza;Notebook Dell Inspiron;Willie Napper;masculino;dinheiro
2026-02-26 01:28:12.878960;848;Florianópolis;Gabriela Santos;Notebook Dell Inspiron;Judith Sowl;feminino;boleto
2026-02-26 03:53:13.600505;849;Rio de Janeiro;Pedro Souza;Tablet Apple Ipad;William Payne;masculino;boleto
2026-02-26 04:55:05.848204;850;Belo Horizonte;Carlos Silva;Smartphone Samsung Galaxy;Karmen Sollars;feminino;boleto
2026-02-26 22:17:08.092651;851;São Paulo;Lucas Pereira;Fone de Ouvido Sony;Howard Cavanaugh;masculino;pix
2026-02-26 22:55:13.515903;852;Belo Horizonte;Fernanda Costa;Notebook Dell Inspiron;Michele Lebrecque;feminino;cartão de crédito
2026-02-27 02:53:11.581849;853;Porto Alegre;Roberto Ferreira;Fone de Ouvido Sony;Andrew Lawrence;masculino;pix
2026-02-27 19:04:14.241666;854;Porto Alegre;Roberto Ferreira;Fone de Ouvido Sony;Patsy Lambe;feminino;pix
2026-02-27 21:25:14.051988;855;Belo Horizonte;Fernanda Costa;Notebook Dell Inspiron;Thomas Wilson;masculino;boleto
2026-02-27 23:00:07.010944;856;Florianópolis;Gabriela Santos;Fone de Ouvido Sony;Jan Gorman;feminino;boleto
2026-02-28 04:30:04.820129;857;Porto Alegre;Mariana Gomes;Smartwatch Garmin;Eddie Carlson;masculino;dinheiro
2026-02-28 19:56:05.294337;858;Rio de Janeiro;Pedro Souza;Tablet Apple Ipad;Bennie Moore;feminino;pix
2026-02-28 20:00:13.655835;859;Porto Alegre;Roberto Ferreira;Notebook Dell Inspiron;Maggie Harris;feminino;dinheiro
2026-02-28 23:56:05.804774;860;Rio de Janeiro;Juliana Almeida;Tablet Apple Ipad;Martin Duncan;masculino;dinheiro
2026-03-01 01:25:09.980109;861;Rio de Janeiro;Pedro Souza;Tablet Apple Ipad;Kenneth Payne;masculino;cartão de crédito
2026-03-01 03:40:11.205722;862;Rio de Janeiro;Pedro Souza;Smartwatch Garmin;Antonio Emerson;masculino;pix
2026-03-01 04:34:09.886667;863;Porto Alegre;Roberto Ferreira;Smartwatch Garmin;Earleen Capriotti;feminino;boleto
2026-03-01 20:39:06.891884;864;Belo Horizonte;Fernanda Costa;Notebook Dell Inspiron;Robert Plunk;masculino;cartão de crédito
2026-03-01 22:12:12.724987;865;Porto Alegre;Mariana Gomes;Tablet Apple Ipad;Raymond Paulino;masculino;pix
2026-03-02 03:28:07.907372;866;Porto Alegre;Mariana Gomes;Smartphone Samsung Galaxy;Steven Rowold;masculino;pix
2026-03-02 21:58:10.651549;867;Rio de Janeiro;Pedro Souza;Smartphone Samsung Galaxy;Jennifer Smith;feminino;cartão de crédito
2026-03-02 22:09:11.969025;868;Rio de Janeiro;Pedro Souza;Smartphone Samsung Galaxy;James Manship;masculino;boleto
2026-03-03 23:15:09.063081;869;São Paulo;Ana Oliveira;Notebook Dell Inspiron;Katherine Zender;feminino;pix
2026-03-04 02:20:12.629666;870;Rio de Janeiro;Juliana Almeida;Tablet Apple Ipad;Kenneth Krause;masculino;dinheiro
2026-03-04 03:33:05.926746;871;Rio de Janeiro;Pedro Souza;Smartphone Samsung Galaxy;Robert Clark;masculino;boleto
2026-03-04 03:39:11.841135;872;São Paulo;Ana Oliveira;Notebook Dell Inspiron;Robert Gordon;masculino;boleto
2026-03-04 03:55:06.913781;873;Florianópolis;Gabriela Santos;Fone de Ouvido Sony;Chad Jimerson;masculino;pix
2026-03-04 03:55:08.575054;874;Rio de Janeiro;Juliana Almeida;Notebook Dell Inspiron;Ryan Cottle;masculino;cartão de crédito
2026-03-04 05:24:07.833286;875;Belo Horizonte;Fernanda Costa;Tablet Apple Ipad;Reva Page;feminino;cartão de crédito
2026-03-04 21:07:07.057712;876;Rio de Janeiro;Juliana Almeida;Smartwatch Garmin;Patricia Snell;feminino;boleto
2026-03-04 23:19:13.444171;877;Rio de Janeiro;Pedro Souza;Notebook Dell Inspiron;Juanita Walton;feminino;pix
2026-03-05 00:46:05.399158;878;Belo Horizonte;Fernanda Costa;Tablet Apple Ipad;Rosemary Hill;feminino;dinheiro
2026-03-05 04:23:11.226679;879;Porto Alegre;Mariana Gomes;Tablet Apple Ipad;Rebecca Nealy;feminino;dinheiro
2026-03-05 04:55:10.621163;880;Porto Alegre;Roberto Ferreira;Tablet Apple Ipad;Carol Morrison;feminino;dinheiro
2026-03-05 19:41:13.141534;881;Porto Alegre;Roberto Ferreira;Notebook Dell Inspiron;Bill Matthews;masculino;cartão de crédito
2026-03-05 20:22:08.422313;882;Belo Horizonte;Carlos Silva;Notebook Dell Inspiron;Carlene Francis;feminino;cartão de crédito
2026-03-05 20:43:06.868528;883;Porto Alegre;Roberto Ferreira;Smartwatch Garmin;Juli Bell;feminino;dinheiro
2026-03-05 20:44:05.244914;884;Florianópolis;Tiago Lima;Fone de Ouvido Sony;Joan Guss;feminino;boleto
2026-03-05 20:47:07.470117;885;Rio de Janeiro;Juliana Almeida;Notebook Dell Inspiron;Lora Estrella;feminino;pix
2026-03-05 21:59:12.362099;886;Florianópolis;Tiago Lima;Tablet Apple Ipad;Brian Wright;masculino;cartão de crédito
2026-03-06 00:00:06.682039;887;Rio de Janeiro;Juliana Almeida;Notebook Dell Inspiron;Vernon Fugate;masculino;cartão de crédito
2026-03-06 02:30:09.719634;888;Florianópolis;Gabriela Santos;Smartphone Samsung Galaxy;Angela Liddell;feminino;cartão de crédito
2026-03-06 03:00:08.975718;889;Rio de Janeiro;Juliana Almeida;Fone de Ouvido Sony;Michael Wright;masculino;pix
2026-03-06 03:05:04.817810;890;Belo Horizonte;Carlos Silva;Notebook Dell Inspiron;Norma Eaton;feminino;cartão de crédito
2026-03-06 05:41:13.621291;891;Florianópolis;Tiago Lima;Notebook Dell Inspiron;Candida Howard;feminino;cartão de crédito
2026-03-06 19:18:11.789806;892;São Paulo;Lucas Pereira;Fone de Ouvido Sony;Adrian Piccinini;masculino;cartão de crédito
2026-03-06 19:33:09.481080;893;Belo Horizonte;Carlos Silva;Notebook Dell Inspiron;Renee Robertshaw;feminino;dinheiro
2026-03-06 20:37:04.815087;894;Belo Horizonte;Fernanda Costa;Tablet Apple Ipad;Darcie Perez;feminino;boleto
2026-03-06 21:01:12.525695;895;Belo Horizonte;Fernanda Costa;Fone de Ouvido Sony;Anita Rayome;feminino;boleto
2026-03-06 21:56:10.704190;896;Florianópolis;Gabriela Santos;Notebook Dell Inspiron;Suzanne Campbell;feminino;boleto
2026-03-06 23:34:07.658618;897;Florianópolis;Tiago Lima;Smartphone Samsung Galaxy;Eugene Rupert;masculino;cartão de crédito
2026-03-06 23:49:12.694334;898;São Paulo;Lucas Pereira;Tablet Apple Ipad;Lynn Andrews;masculino;cartão de crédito
2026-03-07 00:05:08.582539;899;Belo Horizonte;Carlos Silva;Notebook Dell Inspiron;Francisco Douglas;masculino;pix
2026-03-07 00:56:13.482324;900;Rio de Janeiro;Juliana Almeida;Smartphone Samsung Galaxy;Vincent Davy;masculino;pix
2026-03-07 01:12:12.431223;901;Florianópolis;Tiago Lima;Smartphone Samsung Galaxy;Donna Kennedy;feminino;dinheiro
2026-03-07 01:25:06.869507;902;São Paulo;Lucas Pereira;Tablet Apple Ipad;Jesse Nassif;masculino;dinheiro
2026-03-07 01:34:10.672347;903;Florianópolis;Gabriela Santos;Smartphone Samsung Galaxy;Theodore Jeter;masculino;cartão de crédito
2026-03-07 05:16:08.118212;904;Belo Horizonte;Fernanda Costa;Fone de Ouvido Sony;James Phillips;masculino;boleto
2026-03-07 19:33:07.446633;905;Rio de Janeiro;Juliana Almeida;Tablet Apple Ipad;Jeffrey Hurley;masculino;pix
2026-03-07 21:55:07.468790;906;Porto Alegre;Mariana Gomes;Smartphone Samsung Galaxy;Mary Titus;feminino;cartão de crédito
2026-03-08 02:25:13.640707;907;Rio de Janeiro;Juliana Almeida;Notebook Dell Inspiron;John Johnson;masculino;cartão de crédito
2026-03-08 02:55:11.065237;908;Rio de Janeiro;Juliana Almeida;Smartphone Samsung Galaxy;Theodore Colangelo;masculino;boleto
2026-03-08 05:37:13.992899;909;Porto Alegre;Roberto Ferreira;Smartphone Samsung Galaxy;William Leal;masculino;pix
2026-03-08 22:37:10.622332;910;Florianópolis;Gabriela Santos;Smartwatch Garmin;Brenda Karo;feminino;dinheiro
2026-03-08 23:10:12.416229;911;Rio de Janeiro;Pedro Souza;Notebook Dell Inspiron;Mildred Wittmer;feminino;dinheiro
2026-03-08 23:42:07.071072;912;Florianópolis;Gabriela Santos;Fone de Ouvido Sony;Scott Heninger;masculino;cartão de crédito
2026-03-08 23:43:12.208464;913;Belo Horizonte;Carlos Silva;Smartphone Samsung Galaxy;Stephanie Doleman;feminino;pix
2026-03-09 00:29:13.815212;914;São Paulo;Lucas Pereira;Fone de Ouvido Sony;Rita Fosler;feminino;pix
2026-03-09 01:26:05.087269;915;Florianópolis;Gabriela Santos;Notebook Dell Inspiron;Michael Strause;masculino;cartão de crédito
2026-03-09 02:53:11.868559;916;Belo Horizonte;Fernanda Costa;Smartphone Samsung Galaxy;Patrick Bader;masculino;pix
2026-03-09 04:55:10.296302;917;Rio de Janeiro;Juliana Almeida;Fone de Ouvido Sony;Sydney Clinton;masculino;boleto
2026-03-09 05:54:10.306747;918;Porto Alegre;Roberto Ferreira;Fone de Ouvido Sony;Larry Stickel;masculino;cartão de crédito
2026-03-09 20:49:11.060568;919;Florianópolis;Gabriela Santos;Smartwatch Garmin;Keith Parker;masculino;pix
2026-03-09 22:37:05.820155;920;Belo Horizonte;Fernanda Costa;Fone de Ouvido Sony;Cheryl Wiemer;feminino;boleto
2026-03-09 23:53:10.666627;921;Florianópolis;Gabriela Santos;Smartwatch Garmin;Jessica Antone;feminino;boleto
2026-03-10 05:19:12.098207;922;Porto Alegre;Mariana Gomes;Fone de Ouvido Sony;Robert Topel;masculino;cartão de crédito
2026-03-10 20:00:10.783161;923;Florianópolis;Tiago Lima;Smartwatch Garmin;Rachel Rachel;feminino;dinheiro
2026-03-10 20:19:12.728454;924;Belo Horizonte;Fernanda Costa;Notebook Dell Inspiron;Angel Hile;masculino;dinheiro
2026-03-10 22:38:05.239726;925;São Paulo;Ana Oliveira;Smartphone Samsung Galaxy;Hellen Martinez;feminino;boleto
2026-03-11 00:48:13.729514;926;Porto Alegre;Mariana Gomes;Notebook Dell Inspiron;Jack Trent;masculino;cartão de crédito
2026-03-11 01:31:13.216970;927;Porto Alegre;Mariana Gomes;Tablet Apple Ipad;Charmaine Proctor;feminino;dinheiro
2026-03-11 03:38:14.041298;928;Rio de Janeiro;Pedro Souza;Smartwatch Garmin;Margaret Wright;feminino;boleto
2026-03-11 03:45:11.500814;929;Porto Alegre;Roberto Ferreira;Fone de Ouvido Sony;Sandra Brothers;feminino;boleto
2026-03-11 04:58:07.510773;930;Belo Horizonte;Fernanda Costa;Fone de Ouvido Sony;Samuel Durante;masculino;dinheiro
2026-03-11 19:39:08.458474;931;São Paulo;Ana Oliveira;Smartphone Samsung Galaxy;Charles Longo;masculino;cartão de crédito
2026-03-11 22:49:08.578584;932;São Paulo;Ana Oliveira;Smartwatch Garmin;Brian Barker;masculino;dinheiro
2026-03-11 22:49:09.666863;933;Florianópolis;Gabriela Santos;Smartphone Samsung Galaxy;Armando Skill;masculino;boleto
2026-03-11 23:48:11.336846;934;Porto Alegre;Roberto Ferreira;Smartphone Samsung Galaxy;Mark Saulter;feminino;cartão de crédito
2026-03-12 02:09:14.063205;935;São Paulo;Lucas Pereira;Smartwatch Garmin;Jane Kurokawa;feminino;cartão de crédito
2026-03-12 02:17:05.796208;936;Porto Alegre;Roberto Ferreira;Smartwatch Garmin;Michele Womack;feminino;cartão de crédito
2026-03-12 02:48:12.997501;937;Florianópolis;Gabriela Santos;Tablet Apple Ipad;John Pitre;masculino;boleto
2026-03-12 03:35:09.857854;938;São Paulo;Ana Oliveira;Tablet Apple Ipad;Lizbeth Carson;feminino;cartão de crédito
2026-03-12 03:54:08.088839;939;Rio de Janeiro;Pedro Souza;Notebook Dell Inspiron;Alicia Lambert;feminino;dinheiro
2026-03-12 05:17:06.900185;940;São Paulo;Lucas Pereira;Smartphone Samsung Galaxy;Jody Mendez;masculino;dinheiro
2026-03-12 21:42:12.697375;941;Porto Alegre;Roberto Ferreira;Fone de Ouvido Sony;Louisa Williams;feminino;boleto
2026-03-13 01:57:05.684013;942;Rio de Janeiro;Pedro Souza;Fone de Ouvido Sony;Timothy Tafolla;masculino;dinheiro
2026-03-13 02:00:14.385709;943;Rio de Janeiro;Juliana Almeida;Tablet Apple Ipad;William Swartz;masculino;pix
2026-03-13 03:46:14.254450;944;São Paulo;Lucas Pereira;Smartwatch Garmin;Carol Roper;feminino;dinheiro
2026-03-13 04:48:13.103182;945;Porto Alegre;Mariana Gomes;Tablet Apple Ipad;Robert Bischoff;masculino;pix
2026-03-13 21:57:08.528866;946;Rio de Janeiro;Pedro Souza;Tablet Apple Ipad;Ricardo Torbus;masculino;dinheiro
2026-03-13 23:00:12.204007;947;São Paulo;Ana Oliveira;Smartphone Samsung Galaxy;Alice Mcdonald;feminino;cartão de crédito
2026-03-14 00:45:12.091584;948;São Paulo;Lucas Pereira;Tablet Apple Ipad;James Gibson;masculino;pix
2026-03-14 01:50:12.567188;949;Rio de Janeiro;Juliana Almeida;Tablet Apple Ipad;Mary Grubaugh;feminino;boleto
2026-03-14 03:03:04.804833;950;Belo Horizonte;Carlos Silva;Smartphone Samsung Galaxy;Elizabeth Lloyd;feminino;cartão de crédito
2026-03-14 20:16:09.840094;951;Rio de Janeiro;Pedro Souza;Smartphone Samsung Galaxy;Leon Atchinson;masculino;cartão de crédito
2026-03-15 00:24:10.192893;952;Belo Horizonte;Fernanda Costa;Fone de Ouvido Sony;Chelsea Holland;feminino;dinheiro
2026-03-15 00:32:13.993873;953;Rio de Janeiro;Juliana Almeida;Tablet Apple Ipad;Beth Thompson;feminino;cartão de crédito
2026-03-15 05:22:12.040169;954;São Paulo;Lucas Pereira;Fone de Ouvido Sony;Lincoln Williams;masculino;boleto
2026-03-16 00:46:07.201988;955;Belo Horizonte;Fernanda Costa;Smartphone Samsung Galaxy;Martin Edwards;masculino;pix
2026-03-16 05:25:06.636604;956;Florianópolis;Gabriela Santos;Notebook Dell Inspiron;Philip Livley;masculino;boleto
2026-03-16 20:16:05.009167;957;Florianópolis;Tiago Lima;Tablet Apple Ipad;Alison Zelechowski;feminino;boleto
2026-03-16 20:23:07.188766;958;São Paulo;Lucas Pereira;Smartphone Samsung Galaxy;Rae Dotson;feminino;boleto
2026-03-16 22:07:11.219053;959;São Paulo;Lucas Pereira;Smartwatch Garmin;Arlene Auger;feminino;cartão de crédito
2026-03-17 02:54:05.894791;960;Rio de Janeiro;Pedro Souza;Tablet Apple Ipad;Jackie Brown;feminino;cartão de crédito
2026-03-17 04:17:12.481461;961;Belo Horizonte;Fernanda Costa;Smartphone Samsung Galaxy;Paula Warbritton;feminino;boleto
2026-03-17 04:55:08.338586;962;Belo Horizonte;Fernanda Costa;Notebook Dell Inspiron;Ronald Kim;masculino;pix
2026-03-17 05:19:12.737084;963;Belo Horizonte;Carlos Silva;Fone de Ouvido Sony;Matthew Stoviak;masculino;pix
2026-03-17 05:22:04.744517;964;Rio de Janeiro;Pedro Souza;Smartphone Samsung Galaxy;Maggie France;feminino;dinheiro
2026-03-17 19:08:06.903637;965;São Paulo;Ana Oliveira;Notebook Dell Inspiron;Maria Arellano;feminino;dinheiro
2026-03-17 23:14:12.778390;966;Belo Horizonte;Carlos Silva;Smartwatch Garmin;Janice White;feminino;dinheiro
2026-03-18 02:33:05.606338;967;Rio de Janeiro;Pedro Souza;Tablet Apple Ipad;Inez Wyatt;feminino;boleto
2026-03-18 03:07:08.082205;968;Rio de Janeiro;Pedro Souza;Fone de Ouvido Sony;Dylan Sasser;masculino;boleto
2026-03-18 04:24:12.204707;969;Florianópolis;Gabriela Santos;Smartphone Samsung Galaxy;Adam Hickman;masculino;cartão de crédito
2026-03-18 05:55:05.799523;970;São Paulo;Ana Oliveira;Tablet Apple Ipad;Megan Ramirez;feminino;cartão de crédito
2026-03-18 19:59:12.782771;971;Rio de Janeiro;Pedro Souza;Fone de Ouvido Sony;Delia Biggers;feminino;dinheiro
2026-03-18 21:03:09.272417;972;Porto Alegre;Roberto Ferreira;Tablet Apple Ipad;Adelina Malone;feminino;pix
2026-03-18 23:55:12.979263;973;Belo Horizonte;Carlos Silva;Smartphone Samsung Galaxy;Virgil Sizer;masculino;dinheiro
2026-03-19 01:28:14.332743;974;Florianópolis;Tiago Lima;Smartwatch Garmin;Bernard Thornton;masculino;pix
2026-03-19 04:08:05.241504;975;Florianópolis;Gabriela Santos;Fone de Ouvido Sony;Mark Pannell;masculino;dinheiro
2026-03-19 04:11:12.431832;976;Belo Horizonte;Fernanda Costa;Smartphone Samsung Galaxy;Louise Woodard;feminino;cartão de crédito
2026-03-19 22:58:13.336176;977;São Paulo;Ana Oliveira;Tablet Apple Ipad;Minnie Neal;feminino;cartão de crédito
2026-03-20 02:34:13.137901;978;Porto Alegre;Roberto Ferreira;Fone de Ouvido Sony;Mary Rush;feminino;dinheiro
2026-03-20 04:11:06.711379;979;Florianópolis;Gabriela Santos;Tablet Apple Ipad;Mary Leffew;feminino;pix
2026-03-20 05:05:12.163043;980;Belo Horizonte;Fernanda Costa;Notebook Dell Inspiron;Brant Williams;masculino;boleto
2026-03-20 20:05:08.212952;981;Belo Horizonte;Carlos Silva;Fone de Ouvido Sony;Mary Valle;feminino;pix
2026-03-20 21:57:06.841741;982;Porto Alegre;Mariana Gomes;Notebook Dell Inspiron;Paul Franklin;masculino;boleto
2026-03-20 21:59:05.251941;983;Rio de Janeiro;Juliana Almeida;Notebook Dell Inspiron;Mary Bryant;feminino;dinheiro
2026-03-20 22:58:09.130288;984;Florianópolis;Tiago Lima;Smartphone Samsung Galaxy;Priscilla Khauv;feminino;pix
2026-03-21 00:41:07.409893;985;Porto Alegre;Roberto Ferreira;Notebook Dell Inspiron;Terri Martinez;feminino;pix
2026-03-21 01:18:12.044824;986;Porto Alegre;Roberto Ferreira;Smartphone Samsung Galaxy;Sonya Swafford;feminino;dinheiro
2026-03-21 05:55:09.374083;987;Porto Alegre;Mariana Gomes;Smartwatch Garmin;Charlie Storey;masculino;boleto
2026-03-21 22:00:14.284739;988;Florianópolis;Tiago Lima;Fone de Ouvido Sony;Heather Spellman;feminino;dinheiro
2026-03-21 23:17:05.533044;989;Porto Alegre;Mariana Gomes;Smartphone Samsung Galaxy;Anne Riggs;feminino;dinheiro
2026-03-21 23:31:12.992848;990;Florianópolis;Tiago Lima;Tablet Apple Ipad;Lloyd Sharpe;masculino;dinheiro
2026-03-22 00:28:12.164924;991;Florianópolis;Tiago Lima;Fone de Ouvido Sony;Edward Sloan;masculino;dinheiro
2026-03-22 02:33:12.280604;992;Florianópolis;Gabriela Santos;Smartphone Samsung Galaxy;Barbara Doering;feminino;boleto
2026-03-22 03:02:10.601341;993;Florianópolis;Tiago Lima;Fone de Ouvido Sony;Elizabeth Creech;feminino;pix
2026-03-23 01:12:09.605701;994;Florianópolis;Tiago Lima;Tablet Apple Ipad;Jacqueline Opunui;feminino;dinheiro
2026-03-23 05:35:12.840060;995;Porto Alegre;Roberto Ferreira;Notebook Dell Inspiron;Francisco Fontaine;masculino;cartão de crédito
2026-03-23 05:45:09.861430;996;Belo Horizonte;Fernanda Costa;Tablet Apple Ipad;Elisha Johnson;feminino;dinheiro
2026-03-23 20:58:10.578349;997;São Paulo;Lucas Pereira;Tablet Apple Ipad;Sharon Morris;feminino;dinheiro
2026-03-24 00:55:07.865176;998;Rio de Janeiro;Pedro Souza;Notebook Dell Inspiron;Francis Buteau;masculino;pix
2026-03-24 02:46:11.842735;999;Belo Horizonte;Fernanda Costa;Notebook Dell Inspiron;Evelyn Ruehle;feminino;dinheiro
2026-03-24 03:27:10.106280;1000;Rio de Janeiro;Juliana Almeida;Notebook Dell Inspiron;Martha Napoli;feminino;cartão de crédito
2026-03-24 04:31:10.748760;1001;Florianópolis;Gabriela Santos;Smartwatch Garmin;Ruth Clark;feminino;dinheiro
2026-03-24 04:58:09.365475;1002;Rio de Janeiro;Juliana Almeida;Smartwatch Garmin;Patricia Estrada;feminino;cartão de crédito
2026-03-24 19:35:07.723978;1003;Porto Alegre;Roberto Ferreira;Smartphone Samsung Galaxy;Amber Edmonds;feminino;boleto
2026-03-25 01:41:12.628239;1004;Belo Horizonte;Fernanda Costa;Smartphone Samsung Galaxy;Gus Staley;masculino;dinheiro
2026-03-25 03:48:13.600790;1005;Porto Alegre;Roberto Ferreira;Smartphone Samsung Galaxy;Ariel Graf;feminino;dinheiro
2026-03-25 04:17:11.319372;1006;Belo Horizonte;Fernanda Costa;Notebook Dell Inspiron;Stanley Wright;masculino;pix
2026-03-25 20:22:05.601323;1007;Rio de Janeiro;Juliana Almeida;Notebook Dell Inspiron;Robin Given;feminino;dinheiro
2026-03-25 23:56:10.953629;1008;Rio de Janeiro;Juliana Almeida;Smartwatch Garmin;Heidi Mollette;feminino;boleto
2026-03-26 03:13:11.503763;1009;Rio de Janeiro;Juliana Almeida;Smartphone Samsung Galaxy;Joseph Siefkes;masculino;pix
2026-03-26 05:44:12.268370;1010;Florianópolis;Tiago Lima;Notebook Dell Inspiron;Mark Hicks;masculino;pix
2026-03-26 21:18:06.085335;1011;Porto Alegre;Roberto Ferreira;Tablet Apple Ipad;Dennis Laymon;masculino;dinheiro
2026-03-26 23:31:13.467578;1012;Porto Alegre;Mariana Gomes;Notebook Dell Inspiron;Amy Lee;feminino;pix
2026-03-27 01:54:11.148000;1013;Florianópolis;Gabriela Santos;Smartwatch Garmin;Ray Charlton;masculino;dinheiro
2026-03-27 01:59:12.263570;1014;Rio de Janeiro;Pedro Souza;Notebook Dell Inspiron;Matthew Hunt;masculino;pix
2026-03-27 20:18:04.975889;1015;Porto Alegre;Roberto Ferreira;Tablet Apple Ipad;Jim Langlinais;masculino;boleto
2026-03-28 00:35:13.138513;1016;Belo Horizonte;Carlos Silva;Notebook Dell Inspiron;Diana Herr;feminino;pix
2026-03-28 19:25:06.518874;1017;Porto Alegre;Mariana Gomes;Fone de Ouvido Sony;Marc Nunamaker;masculino;dinheiro
2026-03-28 22:23:12.359004;1018;Porto Alegre;Mariana Gomes;Smartwatch Garmin;Richard Thornton;masculino;cartão de crédito
2026-03-28 22:52:07.472583;1019;Rio de Janeiro;Pedro Souza;Notebook Dell Inspiron;Charles Taylor;masculino;boleto
2026-03-29 00:07:07.404421;1020;Belo Horizonte;Carlos Silva;Fone de Ouvido Sony;David Daughtry;masculino;cartão de crédito
2026-03-29 02:07:07.150862;1021;São Paulo;Lucas Pereira;Fone de Ouvido Sony;Courtney Hughey;feminino;dinheiro
2026-03-29 03:29:07.950224;1022;Porto Alegre;Mariana Gomes;Smartphone Samsung Galaxy;Anthony Adams;masculino;boleto
2026-03-29 03:30:09.599939;1023;Rio de Janeiro;Juliana Almeida;Fone de Ouvido Sony;Deborah Gil;feminino;cartão de crédito
2026-03-29 05:24:07.666090;1024;Belo Horizonte;Fernanda Costa;Smartphone Samsung Galaxy;Ethel Palmer;feminino;cartão de crédito
2026-03-29 19:05:08.960681;1025;São Paulo;Ana Oliveira;Notebook Dell Inspiron;Martha Hancock;feminino;pix
2026-03-29 20:42:07.839365;1026;São Paulo;Ana Oliveira;Smartphone Samsung Galaxy;Delia Girouard;feminino;boleto
2026-03-29 20:45:12.115628;1027;Rio de Janeiro;Pedro Souza;Fone de Ouvido Sony;Michelle Williams;feminino;boleto
2026-03-30 01:06:08.758216;1028;Florianópolis;Tiago Lima;Tablet Apple Ipad;Alberto Viviano;masculino;cartão de crédito
2026-03-30 20:12:06.903401;1029;Florianópolis;Tiago Lima;Notebook Dell Inspiron;Michael Miller;masculino;pix
2026-03-30 21:43:12.692972;1030;Florianópolis;Gabriela Santos;Smartphone Samsung Galaxy;Joann Devine;feminino;dinheiro
2026-03-30 21:48:07.516207;1031;São Paulo;Ana Oliveira;Smartwatch Garmin;Betty Bolton;feminino;cartão de crédito
2026-03-30 23:26:08.528450;1032;São Paulo;Ana Oliveira;Smartwatch Garmin;Carol Daniel;feminino;cartão de crédito
2026-03-30 23:48:11.077425;1033;Florianópolis;Gabriela Santos;Fone de Ouvido Sony;Melinda Dunlap;feminino;dinheiro
2026-03-31 01:39:13.235250;1034;Belo Horizonte;Fernanda Costa;Smartphone Samsung Galaxy;Elene Younce;feminino;boleto
2026-03-31 02:54:05.056135;1035;Belo Horizonte;Carlos Silva;Tablet Apple Ipad;Stacie Briggs;feminino;dinheiro
2026-03-31 18:57:06.288015;1036;Belo Horizonte;Fernanda Costa;Smartphone Samsung Galaxy;Scott Becerra;masculino;dinheiro
2026-03-31 19:49:13.687834;1037;Belo Horizonte;Carlos Silva;Smartwatch Garmin;Juliana Obannon;feminino;cartão de crédito
2026-04-01 00:20:09.178217;1038;Florianópolis;Gabriela Santos;Tablet Apple Ipad;Rafael Karnes;masculino;dinheiro
2026-04-01 01:02:08.340382;1039;São Paulo;Ana Oliveira;Smartwatch Garmin;Maria Holmes;feminino;dinheiro
2026-04-01 19:03:09.219126;1040;Rio de Janeiro;Pedro Souza;Fone de Ouvido Sony;Lynne Marra;feminino;pix
2026-04-01 19:59:12.208228;1041;Florianópolis;Gabriela Santos;Tablet Apple Ipad;Joshua Rodriguez;masculino;pix
2026-04-01 21:25:13.902526;1042;São Paulo;Ana Oliveira;Tablet Apple Ipad;Jonathan Smith;masculino;cartão de crédito
2026-04-01 22:46:12.092505;1043;Florianópolis;Gabriela Santos;Smartphone Samsung Galaxy;Stephanie Smith;feminino;boleto
2026-04-02 00:56:07.636248;1044;São Paulo;Ana Oliveira;Smartwatch Garmin;Brian Beu;masculino;dinheiro
2026-04-02 01:07:13.968956;1045;Rio de Janeiro;Pedro Souza;Notebook Dell Inspiron;Gabriel Shumate;masculino;boleto
2026-04-02 03:17:06.398946;1046;Porto Alegre;Mariana Gomes;Tablet Apple Ipad;Lisa Muniz;feminino;boleto
2026-04-02 04:06:06.566919;1047;Porto Alegre;Mariana Gomes;Tablet Apple Ipad;Judith Lemm;feminino;cartão de crédito
2026-04-02 04:07:08.662938;1048;Rio de Janeiro;Pedro Souza;Fone de Ouvido Sony;Robert Brown;masculino;pix
2026-04-02 19:04:10.987138;1049;Rio de Janeiro;Juliana Almeida;Smartphone Samsung Galaxy;Derek Lopez;masculino;cartão de crédito
2026-04-02 20:09:08.966986;1050;Rio de Janeiro;Juliana Almeida;Notebook Dell Inspiron;Harold Kilmer;masculino;cartão de crédito
2026-04-02 20:33:10.587881;1051;São Paulo;Lucas Pereira;Tablet Apple Ipad;Steven Tso;masculino;pix
2026-04-02 20:59:08.891719;1052;Porto Alegre;Roberto Ferreira;Notebook Dell Inspiron;Bernard Matchette;masculino;dinheiro
2026-04-02 21:06:06.040111;1053;São Paulo;Lucas Pereira;Smartphone Samsung Galaxy;Emily Jackson;feminino;boleto
2026-04-02 21:20:05.054738;1054;Rio de Janeiro;Juliana Almeida;Notebook Dell Inspiron;Donald Gilbert;masculino;cartão de crédito
2026-04-02 21:56:10.570816;1055;Rio de Janeiro;Pedro Souza;Tablet Apple Ipad;Renee Owens;feminino;cartão de crédito
2026-04-02 23:46:09.559930;1056;São Paulo;Lucas Pereira;Smartphone Samsung Galaxy;Earl Ramirez;masculino;dinheiro
2026-04-02 23:47:14.005558;1057;Porto Alegre;Mariana Gomes;Fone de Ouvido Sony;Mario Roberts;masculino;cartão de crédito
2026-04-03 01:55:05.542795;1058;Belo Horizonte;Carlos Silva;Fone de Ouvido Sony;Jonathan Albright;masculino;pix
2026-04-03 02:41:11.427434;1059;Florianópolis;Tiago Lima;Smartwatch Garmin;Kimberly Buttram;feminino;boleto
2026-04-03 03:26:09.629237;1060;Belo Horizonte;Carlos Silva;Fone de Ouvido Sony;Kenneth Coaxum;masculino;boleto
2026-04-03 03:42:05.988043;1061;Rio de Janeiro;Pedro Souza;Smartwatch Garmin;Maria Abbasi;feminino;pix
2026-04-03 03:58:12.707425;1062;Florianópolis;Tiago Lima;Fone de Ouvido Sony;Rachel Knoll;feminino;boleto
2026-04-03 19:36:08.457767;1063;São Paulo;Ana Oliveira;Smartphone Samsung Galaxy;Billy Rose;masculino;cartão de crédito
2026-04-03 20:42:10.383175;1064;Belo Horizonte;Carlos Silva;Notebook Dell Inspiron;Kent Hughes;masculino;boleto
2026-04-03 21:24:13.216148;1065;Belo Horizonte;Fernanda Costa;Smartphone Samsung Galaxy;Rudolf Thompson;masculino;boleto
2026-04-03 22:03:10.987701;1066;Rio de Janeiro;Pedro Souza;Fone de Ouvido Sony;Delbert Garmany;masculino;cartão de crédito
2026-04-04 01:25:05.927844;1067;São Paulo;Lucas Pereira;Smartwatch Garmin;Nicholas Riley;masculino;boleto
2026-04-04 03:21:07.395031;1068;Belo Horizonte;Carlos Silva;Fone de Ouvido Sony;Dinorah Bradshaw;feminino;pix
2026-04-04 04:01:09.078199;1069;Belo Horizonte;Fernanda Costa;Fone de Ouvido Sony;Particia Clark;feminino;pix
2026-04-04 04:50:05.722464;1070;Rio de Janeiro;Juliana Almeida;Notebook Dell Inspiron;Michael Newburn;masculino;cartão de crédito
2026-04-04 21:52:13.883116;1071;Florianópolis;Tiago Lima;Fone de Ouvido Sony;David Cleckner;masculino;cartão de crédito
2026-04-04 21:55:13.662613;1072;São Paulo;Lucas Pereira;Tablet Apple Ipad;Edna Tozier;feminino;cartão de crédito
2026-04-04 23:40:07.539733;1073;Porto Alegre;Mariana Gomes;Smartwatch Garmin;Lloyd Wernimont;masculino;boleto
2026-04-05 04:22:05.886987;1074;Rio de Janeiro;Pedro Souza;Smartwatch Garmin;Bobby Fraga;masculino;dinheiro
2026-04-05 04:56:10.845820;1075;Belo Horizonte;Carlos Silva;Smartphone Samsung Galaxy;Helen Caldwell;feminino;pix
2026-04-05 05:19:08.674903;1076;Porto Alegre;Roberto Ferreira;Fone de Ouvido Sony;Randy Pelletier;masculino;cartão de crédito
2026-04-05 20:44:06.384139;1077;Rio de Janeiro;Juliana Almeida;Tablet Apple Ipad;Van Ellis;masculino;boleto
2026-04-05 21:50:12.041451;1078;São Paulo;Ana Oliveira;Smartphone Samsung Galaxy;Cynthia Smith;feminino;cartão de crédito
2026-04-05 23:56:05.251255;1079;Belo Horizonte;Fernanda Costa;Fone de Ouvido Sony;Lillie Watson;feminino;pix
2026-04-06 00:29:05.894466;1080;São Paulo;Lucas Pereira;Tablet Apple Ipad;Phyllis Freeman;feminino;pix
2026-04-06 00:31:06.954739;1081;Belo Horizonte;Carlos Silva;Tablet Apple Ipad;Andrew Guarini;masculino;pix
2026-04-06 04:11:10.703923;1082;Porto Alegre;Roberto Ferreira;Notebook Dell Inspiron;Joel Jackson;masculino;pix
2026-04-07 00:21:12.083434;1083;Porto Alegre;Mariana Gomes;Smartphone Samsung Galaxy;Thomas Jiminez;masculino;boleto
2026-04-07 01:06:13.881082;1084;Florianópolis;Tiago Lima;Smartphone Samsung Galaxy;Willie Mayberry;masculino;cartão de crédito
2026-04-07 20:52:08.040306;1085;Rio de Janeiro;Juliana Almeida;Smartwatch Garmin;Trudie Wright;feminino;boleto
2026-04-07 22:07:12.585265;1086;Rio de Janeiro;Juliana Almeida;Smartwatch Garmin;Jeffrey Mccrary;masculino;cartão de crédito
2026-04-07 23:40:09.480154;1087;Porto Alegre;Mariana Gomes;Tablet Apple Ipad;Shane Davis;masculino;dinheiro
2026-04-08 00:20:11.106880;1088;São Paulo;Ana Oliveira;Smartwatch Garmin;Helen Clark;feminino;cartão de crédito
2026-04-08 01:45:13.198525;1089;Rio de Janeiro;Pedro Souza;Smartwatch Garmin;Josephine Lehman;feminino;cartão de crédito
2026-04-08 03:06:10.969686;1090;Belo Horizonte;Fernanda Costa;Smartwatch Garmin;Lucille Huskin;feminino;boleto
2026-04-08 03:14:13.144694;1091;São Paulo;Lucas Pereira;Smartwatch Garmin;Nicole Houston;feminino;boleto
2026-04-08 22:22:05.805113;1092;Porto Alegre;Roberto Ferreira;Fone de Ouvido Sony;Reed James;masculino;pix
2026-04-08 23:41:10.084874;1093;Rio de Janeiro;Juliana Almeida;Smartphone Samsung Galaxy;Marcus Julius;masculino;boleto
2026-04-09 02:08:11.107189;1094;Belo Horizonte;Carlos Silva;Tablet Apple Ipad;Matthew Kozel;masculino;cartão de crédito
2026-04-09 04:32:13.469564;1095;Porto Alegre;Mariana Gomes;Tablet Apple Ipad;Jason Miller;masculino;cartão de crédito
2026-04-09 04:55:09.366694;1096;São Paulo;Lucas Pereira;Smartphone Samsung Galaxy;Julie Boes;feminino;pix
2026-04-09 05:54:07.627675;1097;Belo Horizonte;Fernanda Costa;Notebook Dell Inspiron;Christopher Davidson;masculino;dinheiro
2026-04-09 19:42:10.621494;1098;Florianópolis;Gabriela Santos;Fone de Ouvido Sony;Arthur Alvarado;masculino;dinheiro
2026-04-09 20:17:11.441956;1099;Rio de Janeiro;Juliana Almeida;Smartwatch Garmin;Mary Nault;feminino;pix
2026-04-09 22:52:12.158679;1100;São Paulo;Lucas Pereira;Notebook Dell Inspiron;Abraham Music;masculino;dinheiro
2026-04-10 00:42:09.828430;1101;Belo Horizonte;Carlos Silva;Tablet Apple Ipad;Donald Collins;masculino;dinheiro
2026-04-10 19:58:08.964246;1102;Porto Alegre;Mariana Gomes;Smartwatch Garmin;Minnie Tyler;feminino;cartão de crédito
2026-04-10 21:23:09.271335;1103;Rio de Janeiro;Pedro Souza;Fone de Ouvido Sony;Dovie Wallace;feminino;dinheiro
2026-04-11 00:48:07.061039;1104;Belo Horizonte;Carlos Silva;Smartwatch Garmin;Gordon Lovelady;masculino;boleto
2026-04-11 02:55:12.797905;1105;Porto Alegre;Mariana Gomes;Tablet Apple Ipad;Missy Lyday;feminino;cartão de crédito
2026-04-11 03:11:06.910267;1106;Belo Horizonte;Carlos Silva;Smartwatch Garmin;Janet Tobey;feminino;dinheiro
2026-04-11 05:52:05.279191;1107;Porto Alegre;Mariana Gomes;Notebook Dell Inspiron;Marie Gutierrez;feminino;pix
2026-04-11 19:39:08.131759;1108;Porto Alegre;Roberto Ferreira;Smartwatch Garmin;Christopher Dahlheimer;masculino;pix
2026-04-11 20:22:09.820290;1109;Rio de Janeiro;Pedro Souza;Tablet Apple Ipad;Lue Felton;feminino;cartão de crédito
2026-04-12 00:01:12.781873;1110;Belo Horizonte;Carlos Silva;Notebook Dell Inspiron;Brent Brandt;masculino;pix
2026-04-12 01:12:12.191277;1111;Rio de Janeiro;Juliana Almeida;Notebook Dell Inspiron;Jose Palermo;masculino;cartão de crédito
2026-04-12 22:42:10.003296;1112;Porto Alegre;Roberto Ferreira;Tablet Apple Ipad;Juanita Leclair;feminino;dinheiro
2026-04-13 00:06:12.853887;1113;Porto Alegre;Roberto Ferreira;Tablet Apple Ipad;Jennifer Rios;feminino;boleto
2026-04-13 03:39:12.695075;1114;Belo Horizonte;Fernanda Costa;Notebook Dell Inspiron;Gavin Hobbs;masculino;boleto
2026-04-13 04:28:11.290164;1115;Florianópolis;Gabriela Santos;Smartwatch Garmin;Lucas Armwood;masculino;dinheiro
2026-04-13 04:42:06.039153;1116;Porto Alegre;Roberto Ferreira;Tablet Apple Ipad;Maureen Moore;feminino;cartão de crédito
2026-04-13 20:01:11.625891;1117;Belo Horizonte;Fernanda Costa;Smartwatch Garmin;Carmen Hammond;feminino;pix
2026-04-13 20:08:12.097599;1118;Rio de Janeiro;Juliana Almeida;Smartwatch Garmin;Thomas Kline;masculino;cartão de crédito
2026-04-13 21:17:05.927515;1119;Porto Alegre;Mariana Gomes;Notebook Dell Inspiron;Betty Cole;feminino;cartão de crédito
2026-04-14 01:32:10.536952;1120;Porto Alegre;Mariana Gomes;Fone de Ouvido Sony;Amy Perry;feminino;pix
2026-04-14 04:47:05.875795;1121;Florianópolis;Gabriela Santos;Smartwatch Garmin;Helen Robinette;feminino;cartão de crédito
2026-04-14 05:38:10.324774;1122;São Paulo;Lucas Pereira;Smartphone Samsung Galaxy;Kelley Styons;feminino;dinheiro
2026-04-14 22:02:08.421699;1123;Porto Alegre;Mariana Gomes;Fone de Ouvido Sony;George Spencer;masculino;cartão de crédito
2026-04-14 23:36:11.327412;1124;Rio de Janeiro;Pedro Souza;Notebook Dell Inspiron;Lakeshia Dean;feminino;cartão de crédito
2026-04-14 23:53:10.591967;1125;Porto Alegre;Mariana Gomes;Notebook Dell Inspiron;Teddy Callaghan;masculino;dinheiro
2026-04-15 01:28:12.168256;1126;Belo Horizonte;Carlos Silva;Smartphone Samsung Galaxy;Joshua Wells;masculino;dinheiro
2026-04-15 02:58:14.052665;1127;São Paulo;Ana Oliveira;Notebook Dell Inspiron;Thomas Mcnichols;masculino;cartão de crédito
2026-04-15 03:13:10.699980;1128;São Paulo;Ana Oliveira;Tablet Apple Ipad;Judson Hawes;masculino;dinheiro
2026-04-15 04:37:13.112275;1129;São Paulo;Lucas Pereira;Tablet Apple Ipad;Stephanie Jefferson;feminino;pix
2026-04-15 19:01:10.535958;1130;Rio de Janeiro;Pedro Souza;Smartwatch Garmin;Luis Cooper;masculino;pix
2026-04-15 21:09:07.674351;1131;Florianópolis;Gabriela Santos;Notebook Dell Inspiron;Andre Fricks;masculino;pix
2026-04-15 21:47:06.810982;1132;Florianópolis;Gabriela Santos;Smartwatch Garmin;Ronald Charleston;masculino;pix
2026-04-15 23:26:10.341178;1133;Porto Alegre;Roberto Ferreira;Smartwatch Garmin;Marlene Graham;feminino;boleto
2026-04-16 01:13:08.324147;1134;Belo Horizonte;Fernanda Costa;Smartwatch Garmin;Jenny Santiago;feminino;dinheiro
2026-04-16 05:38:05.252210;1135;Rio de Janeiro;Pedro Souza;Smartphone Samsung Galaxy;Maria Mcrae;feminino;pix
2026-04-16 19:32:07.633774;1136;Porto Alegre;Roberto Ferreira;Fone de Ouvido Sony;Margaret Martz;feminino;boleto
2026-04-17 00:06:10.650469;1137;Belo Horizonte;Fernanda Costa;Tablet Apple Ipad;Katherine Stevens;feminino;cartão de crédito
2026-04-17 02:56:11.078153;1138;Belo Horizonte;Fernanda Costa;Notebook Dell Inspiron;Kristen Conrad;feminino;cartão de crédito
2026-04-17 19:30:14.336472;1139;Belo Horizonte;Carlos Silva;Smartphone Samsung Galaxy;Johnnie Mcnolty;masculino;pix
2026-04-17 22:55:06.204928;1140;Florianópolis;Gabriela Santos;Smartwatch Garmin;Kevin Lariviere;masculino;boleto
2026-04-18 02:46:06.840704;1141;São Paulo;Lucas Pereira;Notebook Dell Inspiron;Donna Cunningham;feminino;cartão de crédito
2026-04-18 02:58:10.846182;1142;São Paulo;Ana Oliveira;Tablet Apple Ipad;Harold Simms;masculino;pix
2026-04-18 03:04:09.540045;1143;Porto Alegre;Mariana Gomes;Tablet Apple Ipad;Catherine Atherton;feminino;boleto
2026-04-18 04:18:13.639109;1144;Porto Alegre;Roberto Ferreira;Smartphone Samsung Galaxy;Gregory Wynne;masculino;boleto
2026-04-18 05:19:07.038421;1145;Rio de Janeiro;Juliana Almeida;Smartphone Samsung Galaxy;Margaret Ball;feminino;boleto
2026-04-18 05:31:12.839815;1146;São Paulo;Lucas Pereira;Fone de Ouvido Sony;William Thompson;masculino;dinheiro
2026-04-18 19:03:11.544087;1147;Florianópolis;Gabriela Santos;Smartwatch Garmin;Priscilla Juelfs;feminino;boleto
2026-04-18 20:07:12.507207;1148;São Paulo;Ana Oliveira;Fone de Ouvido Sony;Stacy Hartman;feminino;pix
2026-04-18 21:35:11.564689;1149;Belo Horizonte;Fernanda Costa;Smartwatch Garmin;James Birks;masculino;boleto
2026-04-18 23:33:05.281915;1150;Florianópolis;Gabriela Santos;Fone de Ouvido Sony;Antoinette York;feminino;boleto
2026-04-19 01:56:11.951225;1151;Belo Horizonte;Fernanda Costa;Smartphone Samsung Galaxy;Frances Hernandez;feminino;cartão de crédito
2026-04-19 03:03:11.356852;1152;Porto Alegre;Roberto Ferreira;Fone de Ouvido Sony;Leroy Money;masculino;boleto
2026-04-19 03:43:13.447042;1153;Rio de Janeiro;Juliana Almeida;Smartphone Samsung Galaxy;Celeste Knight;feminino;dinheiro
2026-04-19 04:28:07.792660;1154;São Paulo;Ana Oliveira;Smartphone Samsung Galaxy;Helen Ruggiero;feminino;dinheiro
2026-04-19 04:59:13.304104;1155;Florianópolis;Gabriela Santos;Fone de Ouvido Sony;Owen Baskett;masculino;pix
2026-04-19 22:14:07.004976;1156;São Paulo;Lucas Pereira;Smartphone Samsung Galaxy;Sandra Camargo;feminino;cartão de crédito
2026-04-20 00:54:14.237016;1157;Porto Alegre;Roberto Ferreira;Smartwatch Garmin;Dolores Gonzalez;feminino;cartão de crédito
2026-04-20 04:48:11.695525;1158;Rio de Janeiro;Pedro Souza;Tablet Apple Ipad;Linda Wright;feminino;pix
2026-04-20 20:06:13.646406;1159;Porto Alegre;Roberto Ferreira;Smartphone Samsung Galaxy;Rosemary Paul;feminino;pix
2026-04-20 22:19:11.842174;1160;São Paulo;Lucas Pereira;Notebook Dell Inspiron;Cheryl Willis;feminino;boleto
2026-04-20 23:31:06.842097;1161;Florianópolis;Tiago Lima;Smartwatch Garmin;Dean Ali;masculino;boleto
2026-04-21 00:53:11.579653;1162;Porto Alegre;Roberto Ferreira;Fone de Ouvido Sony;Georgianna Mcgill;feminino;cartão de crédito
2026-04-21 02:27:13.453193;1163;Belo Horizonte;Carlos Silva;Fone de Ouvido Sony;James Morello;masculino;boleto
2026-04-21 02:37:10.278124;1164;Rio de Janeiro;Juliana Almeida;Smartwatch Garmin;Dorothy Unger;feminino;boleto
2026-04-21 21:10:08.751211;1165;Porto Alegre;Roberto Ferreira;Smartwatch Garmin;Julia Connors;feminino;boleto
2026-04-21 22:52:11.436003;1166;Florianópolis;Gabriela Santos;Notebook Dell Inspiron;Terrence Akin;masculino;dinheiro
2026-04-22 21:48:12.709826;1167;Porto Alegre;Roberto Ferreira;Fone de Ouvido Sony;Kevin Williams;masculino;pix
2026-04-22 23:10:06.434199;1168;Porto Alegre;Roberto Ferreira;Fone de Ouvido Sony;Rosa Hamada;feminino;pix
2026-04-23 00:10:05.692390;1169;Rio de Janeiro;Pedro Souza;Notebook Dell Inspiron;William Alan;masculino;dinheiro
2026-04-23 01:15:12.690987;1170;São Paulo;Lucas Pereira;Tablet Apple Ipad;Thomas Romero;masculino;dinheiro
2026-04-23 02:15:04.746734;1171;Belo Horizonte;Fernanda Costa;Smartphone Samsung Galaxy;Jacquline Dennison;feminino;boleto
2026-04-23 04:49:14.255433;1172;Rio de Janeiro;Pedro Souza;Smartphone Samsung Galaxy;Helen Neal;feminino;cartão de crédito
2026-04-23 20:59:11.053918;1173;Florianópolis;Gabriela Santos;Smartphone Samsung Galaxy;James Tsosie;masculino;pix
2026-04-23 21:17:12.854302;1174;Rio de Janeiro;Pedro Souza;Tablet Apple Ipad;Karen Sullivan;feminino;cartão de crédito
2026-04-23 22:32:09.951502;1175;Belo Horizonte;Carlos Silva;Fone de Ouvido Sony;Xiomara Limon;feminino;cartão de crédito
2026-04-24 00:38:07.516927;1176;Florianópolis;Gabriela Santos;Smartwatch Garmin;Amy Libby;feminino;cartão de crédito
2026-04-24 02:23:12.501118;1177;Rio de Janeiro;Juliana Almeida;Smartphone Samsung Galaxy;Irma Sullivan;feminino;pix
2026-04-24 20:37:11.149456;1178;São Paulo;Ana Oliveira;Notebook Dell Inspiron;Mario Plymel;masculino;boleto
2026-04-25 01:22:05.896108;1179;Florianópolis;Tiago Lima;Smartphone Samsung Galaxy;Patricia Fabela;feminino;cartão de crédito
2026-04-25 01:46:13.696732;1180;Florianópolis;Gabriela Santos;Tablet Apple Ipad;Elaine Panther;feminino;dinheiro
2026-04-25 22:15:10.340632;1181;São Paulo;Ana Oliveira;Smartwatch Garmin;Phyllis Randall;feminino;dinheiro
2026-04-25 22:37:08.942776;1182;Belo Horizonte;Fernanda Costa;Tablet Apple Ipad;Fran Oneal;feminino;pix
2026-04-26 01:35:09.091893;1183;Rio de Janeiro;Juliana Almeida;Tablet Apple Ipad;June Kester;feminino;dinheiro
2026-04-26 03:57:09.932913;1184;Belo Horizonte;Carlos Silva;Smartphone Samsung Galaxy;Paul Bridges;masculino;boleto
2026-04-26 04:27:06.806645;1185;Belo Horizonte;Carlos Silva;Smartphone Samsung Galaxy;Tracey Penrod;feminino;cartão de crédito
2026-04-26 19:39:11.091578;1186;Florianópolis;Gabriela Santos;Fone de Ouvido Sony;Frank Collins;masculino;dinheiro
2026-04-26 20:44:12.115223;1187;Porto Alegre;Mariana Gomes;Notebook Dell Inspiron;Joan Snyder;feminino;cartão de crédito
2026-04-27 00:54:12.194669;1188;São Paulo;Ana Oliveira;Fone de Ouvido Sony;Bonnie Kemp;feminino;cartão de crédito
2026-04-27 02:17:06.336348;1189;Rio de Janeiro;Juliana Almeida;Smartphone Samsung Galaxy;Cornelius Minter;masculino;pix
2026-04-27 05:32:07.722272;1190;Rio de Janeiro;Pedro Souza;Notebook Dell Inspiron;Gerald Snider;masculino;dinheiro
2026-04-27 19:09:07.788411;1191;Florianópolis;Tiago Lima;Notebook Dell Inspiron;Anne Howell;feminino;cartão de crédito
2026-04-27 20:42:10.985626;1192;Florianópolis;Tiago Lima;Smartphone Samsung Galaxy;Charles Richardson;masculino;boleto
2026-04-28 19:24:05.793760;1193;Porto Alegre;Mariana Gomes;Fone de Ouvido Sony;Craig Damico;masculino;boleto
2026-04-28 20:08:14.235770;1194;Rio de Janeiro;Juliana Almeida;Fone de Ouvido Sony;Chris Rivas;masculino;boleto
2026-04-29 03:25:05.811820;1195;Belo Horizonte;Carlos Silva;Smartwatch Garmin;Danielle Mccarthy;feminino;dinheiro
2026-04-29 04:19:08.936307;1196;Porto Alegre;Mariana Gomes;Smartwatch Garmin;Christy Hammer;feminino;boleto
2026-04-29 19:22:09.654880;1197;Porto Alegre;Roberto Ferreira;Notebook Dell Inspiron;Benjamin Roberson;masculino;boleto
2026-04-29 20:02:07.661167;1198;Belo Horizonte;Carlos Silva;Notebook Dell Inspiron;Maria Black;feminino;pix
2026-04-29 21:37:10.968961;1199;São Paulo;Lucas Pereira;Notebook Dell Inspiron;Patricia Proctor;feminino;pix
2026-04-30 00:25:08.964851;1200;Florianópolis;Gabriela Santos;Notebook Dell Inspiron;Guadalupe Carpenter;feminino;boleto
2026-04-30 02:01:14.240493;1201;São Paulo;Ana Oliveira;Fone de Ouvido Sony;Joyce Lugo;feminino;dinheiro
2026-04-30 02:44:08.418578;1202;Rio de Janeiro;Juliana Almeida;Smartphone Samsung Galaxy;Scott Mayhew;masculino;dinheiro
2026-04-30 04:33:06.029818;1203;São Paulo;Ana Oliveira;Fone de Ouvido Sony;Jeremy Morelli;masculino;dinheiro
2026-04-30 19:02:14.389010;1204;Porto Alegre;Mariana Gomes;Smartwatch Garmin;Steve Jensen;masculino;cartão de crédito
2026-05-01 04:11:06.885934;1205;Rio de Janeiro;Juliana Almeida;Smartphone Samsung Galaxy;Beth Huntington;feminino;pix
2026-05-01 22:06:10.199518;1206;Florianópolis;Tiago Lima;Tablet Apple Ipad;Judy Harris;feminino;dinheiro
2026-05-01 23:04:10.002890;1207;Porto Alegre;Mariana Gomes;Fone de Ouvido Sony;Kendra Taylor;feminino;pix
2026-05-02 01:07:06.681138;1208;Belo Horizonte;Carlos Silva;Smartphone Samsung Galaxy;Alejandro Key;masculino;dinheiro
2026-05-02 01:10:08.835597;1209;Belo Horizonte;Fernanda Costa;Smartphone Samsung Galaxy;Matthew Burghard;masculino;pix
2026-05-02 01:36:10.578603;1210;Belo Horizonte;Fernanda Costa;Smartwatch Garmin;Robert Nichols;masculino;dinheiro
2026-05-02 01:45:12.841762;1211;Porto Alegre;Mariana Gomes;Tablet Apple Ipad;Justine Johnson;feminino;dinheiro
2026-05-02 19:44:06.923937;1212;Florianópolis;Tiago Lima;Tablet Apple Ipad;Robert Caudill;masculino;pix
2026-05-02 20:10:12.165543;1213;São Paulo;Ana Oliveira;Fone de Ouvido Sony;Sandra Stevens;feminino;pix
2026-05-02 23:41:11.439262;1214;Florianópolis;Tiago Lima;Smartwatch Garmin;Audrey Briggs;feminino;pix
2026-05-03 00:18:11.076802;1215;São Paulo;Ana Oliveira;Notebook Dell Inspiron;Bessie Hardin;feminino;pix
2026-05-03 01:52:10.571152;1216;Belo Horizonte;Carlos Silva;Notebook Dell Inspiron;Earl Warren;masculino;cartão de crédito
2026-05-03 03:44:05.683743;1217;Belo Horizonte;Carlos Silva;Fone de Ouvido Sony;Edward Stewart;masculino;cartão de crédito
2026-05-03 03:58:10.575634;1218;Belo Horizonte;Carlos Silva;Smartphone Samsung Galaxy;Bertram Hubert;masculino;dinheiro
2026-05-03 05:49:13.882689;1219;Rio de Janeiro;Pedro Souza;Smartwatch Garmin;Thomas Quinn;masculino;boleto
2026-05-03 19:40:11.966995;1220;São Paulo;Lucas Pereira;Smartwatch Garmin;Jacquelyn Slone;feminino;cartão de crédito
2026-05-04 00:50:11.267543;1221;Porto Alegre;Mariana Gomes;Fone de Ouvido Sony;Lourdes Andrade;feminino;cartão de crédito
2026-05-04 02:14:05.057636;1222;Porto Alegre;Roberto Ferreira;Notebook Dell Inspiron;Helen Alvarez;feminino;boleto
2026-05-04 04:15:04.819452;1223;Florianópolis;Tiago Lima;Notebook Dell Inspiron;Douglas Harris;masculino;cartão de crédito
2026-05-04 23:48:11.441599;1224;Belo Horizonte;Fernanda Costa;Tablet Apple Ipad;Gerald Kelley;masculino;pix
2026-05-04 23:50:08.767056;1225;Florianópolis;Gabriela Santos;Notebook Dell Inspiron;Raymond King;masculino;pix
2026-05-05 03:06:05.772028;1226;São Paulo;Lucas Pereira;Notebook Dell Inspiron;Araceli Poore;feminino;dinheiro
2026-05-05 03:47:10.284563;1227;Belo Horizonte;Carlos Silva;Fone de Ouvido Sony;Anisa Grimes;feminino;cartão de crédito
2026-05-05 04:16:05.295777;1228;Florianópolis;Gabriela Santos;Fone de Ouvido Sony;Gerald Whittman;masculino;boleto
2026-05-05 19:47:05.550078;1229;Rio de Janeiro;Juliana Almeida;Smartphone Samsung Galaxy;Mabel Walstrum;feminino;cartão de crédito
2026-05-05 23:40:10.715423;1230;São Paulo;Lucas Pereira;Fone de Ouvido Sony;Cynthia Slater;feminino;boleto
2026-05-06 22:21:08.970502;1231;Belo Horizonte;Fernanda Costa;Fone de Ouvido Sony;Pedro Hines;masculino;dinheiro
2026-05-06 22:49:11.438648;1232;São Paulo;Ana Oliveira;Notebook Dell Inspiron;Patti Paul;feminino;boleto
2026-05-06 22:55:13.279520;1233;Florianópolis;Tiago Lima;Notebook Dell Inspiron;Richard Fuller;masculino;pix
2026-05-07 01:12:05.547011;1234;Rio de Janeiro;Juliana Almeida;Tablet Apple Ipad;Jeffrey Gibbons;masculino;boleto
2026-05-07 19:19:10.207416;1235;Belo Horizonte;Fernanda Costa;Smartphone Samsung Galaxy;Tony Mullen;masculino;cartão de crédito
2026-05-07 22:51:12.847767;1236;Florianópolis;Tiago Lima;Smartwatch Garmin;Martha Shamblin;feminino;dinheiro
2026-05-07 22:52:10.943696;1237;Belo Horizonte;Fernanda Costa;Smartwatch Garmin;David Nelson;masculino;cartão de crédito
2026-05-08 02:41:13.578910;1238;São Paulo;Lucas Pereira;Notebook Dell Inspiron;Rolando Rubens;masculino;boleto
2026-05-08 02:59:10.188742;1239;Belo Horizonte;Fernanda Costa;Smartphone Samsung Galaxy;Joseph Marquardt;masculino;dinheiro
2026-05-08 04:03:14.389639;1240;Porto Alegre;Roberto Ferreira;Smartwatch Garmin;William Willis;masculino;boleto
2026-05-08 22:26:11.344101;1241;Belo Horizonte;Carlos Silva;Smartphone Samsung Galaxy;Gregory Redding;masculino;dinheiro
2026-05-08 22:57:06.819029;1242;Rio de Janeiro;Juliana Almeida;Tablet Apple Ipad;Margaret Pellham;feminino;dinheiro
2026-05-08 23:11:06.925945;1243;Belo Horizonte;Carlos Silva;Fone de Ouvido Sony;Thomas Stubbs;masculino;dinheiro
2026-05-09 03:03:05.250944;1244;Porto Alegre;Roberto Ferreira;Smartphone Samsung Galaxy;Jeffrey Taylor;masculino;cartão de crédito
2026-05-09 04:41:13.645671;1245;Florianópolis;Tiago Lima;Smartphone Samsung Galaxy;Chong Joseph;feminino;cartão de crédito
2026-05-09 04:43:09.509241;1246;São Paulo;Ana Oliveira;Notebook Dell Inspiron;David Stapleton;masculino;dinheiro
2026-05-09 04:58:05.750181;1247;Porto Alegre;Mariana Gomes;Smartphone Samsung Galaxy;Leah Townsend;feminino;boleto
2026-05-09 23:55:09.975687;1248;Porto Alegre;Roberto Ferreira;Tablet Apple Ipad;Sherilyn Ashcraft;feminino;pix
2026-05-10 02:38:11.232735;1249;Florianópolis;Gabriela Santos;Smartwatch Garmin;Tracie Burlingham;feminino;boleto
2026-05-10 04:59:10.112739;1250;Rio de Janeiro;Juliana Almeida;Smartphone Samsung Galaxy;Lois Loges;feminino;boleto
2026-05-10 05:15:12.501504;1251;Belo Horizonte;Fernanda Costa;Notebook Dell Inspiron;Nina Myers;feminino;boleto
2026-05-10 20:03:14.162900;1252;Porto Alegre;Mariana Gomes;Tablet Apple Ipad;Nicole Reiter;feminino;pix
2026-05-10 21:22:08.429250;1253;São Paulo;Ana Oliveira;Smartwatch Garmin;Jason Harrold;masculino;cartão de crédito
2026-05-10 21:28:10.382078;1254;Porto Alegre;Mariana Gomes;Fone de Ouvido Sony;Ellen Kilgore;feminino;cartão de crédito
2026-05-10 21:58:14.038321;1255;Belo Horizonte;Fernanda Costa;Notebook Dell Inspiron;Julia Hackworth;feminino;cartão de crédito
2026-05-10 22:03:07.997160;1256;São Paulo;Lucas Pereira;Smartwatch Garmin;Matthew Bollinger;masculino;cartão de crédito
2026-05-11 00:50:07.304235;1257;Belo Horizonte;Carlos Silva;Fone de Ouvido Sony;Trinity Mitchell;feminino;boleto
2026-05-11 02:18:11.743614;1258;Florianópolis;Gabriela Santos;Notebook Dell Inspiron;Cherie Williams;feminino;boleto
2026-05-11 02:54:10.654047;1259;São Paulo;Ana Oliveira;Smartwatch Garmin;James Moroz;masculino;dinheiro
2026-05-11 03:03:14.328971;1260;Belo Horizonte;Carlos Silva;Tablet Apple Ipad;William Sealy;masculino;pix
2026-05-11 20:53:11.744796;1261;Florianópolis;Gabriela Santos;Notebook Dell Inspiron;Marcel Fedor;masculino;boleto
2026-05-11 23:59:10.673870;1262;Rio de Janeiro;Juliana Almeida;Tablet Apple Ipad;Alix Porter;feminino;boleto
2026-05-12 00:59:06.504766;1263;São Paulo;Ana Oliveira;Smartwatch Garmin;Kara Jones;feminino;cartão de crédito
2026-05-12 02:30:13.902801;1264;São Paulo;Ana Oliveira;Tablet Apple Ipad;Harold Crabtree;masculino;dinheiro
2026-05-12 20:23:09.638485;1265;Belo Horizonte;Carlos Silva;Notebook Dell Inspiron;Jack Ruffin;masculino;pix
2026-05-12 22:52:07.724935;1266;São Paulo;Ana Oliveira;Tablet Apple Ipad;Frances Knudtson;feminino;pix
2026-05-13 00:14:08.572138;1267;Florianópolis;Tiago Lima;Tablet Apple Ipad;Ruth Fraga;feminino;dinheiro
2026-05-13 04:08:13.278900;1268;Belo Horizonte;Carlos Silva;Tablet Apple Ipad;Richard Kane;masculino;pix
2026-05-13 05:27:14.231997;1269;Florianópolis;Gabriela Santos;Smartphone Samsung Galaxy;Stephanie Dinsmore;feminino;cartão de crédito
2026-05-13 21:22:12.928335;1270;São Paulo;Lucas Pereira;Smartwatch Garmin;Gary Davis;masculino;cartão de crédito
2026-05-13 22:18:13.244534;1271;São Paulo;Ana Oliveira;Tablet Apple Ipad;Jeanne Vogel;feminino;pix
2026-05-13 23:23:08.421194;1272;Belo Horizonte;Fernanda Costa;Notebook Dell Inspiron;Peter Vincent;masculino;cartão de crédito
2026-05-14 01:04:09.648790;1273;Rio de Janeiro;Juliana Almeida;Fone de Ouvido Sony;John Celestin;masculino;dinheiro
2026-05-14 03:36:07.667062;1274;São Paulo;Ana Oliveira;Smartphone Samsung Galaxy;Crystal Carlos;feminino;pix
2026-05-14 04:56:12.195420;1275;Rio de Janeiro;Pedro Souza;Smartwatch Garmin;Sarah Spriggs;feminino;dinheiro
2026-05-14 05:22:09.655985;1276;São Paulo;Lucas Pereira;Tablet Apple Ipad;Andrew Heidel;masculino;cartão de crédito
2026-05-15 01:56:07.315997;1277;São Paulo;Ana Oliveira;Smartwatch Garmin;John Jones;masculino;boleto
2026-05-15 04:48:07.154464;1278;Belo Horizonte;Carlos Silva;Smartphone Samsung Galaxy;Jean Manylath;feminino;cartão de crédito
2026-05-16 02:12:12.362335;1279;Belo Horizonte;Carlos Silva;Smartphone Samsung Galaxy;Randall Flanagan;masculino;boleto
2026-05-16 04:34:13.673677;1280;Porto Alegre;Mariana Gomes;Smartwatch Garmin;Thomas Tedesco;masculino;boleto
2026-05-16 20:55:10.002637;1281;Porto Alegre;Mariana Gomes;Smartwatch Garmin;Jennifer Lee;feminino;cartão de crédito
2026-05-16 21:23:11.001321;1282;Belo Horizonte;Fernanda Costa;Smartwatch Garmin;Betty Rollins;feminino;cartão de crédito
2026-05-16 21:30:13.337460;1283;Florianópolis;Tiago Lima;Smartwatch Garmin;Kathleen Segovia;feminino;boleto
2026-05-16 21:38:05.890963;1284;Florianópolis;Tiago Lima;Smartphone Samsung Galaxy;Barry Malone;masculino;boleto
2026-05-17 01:44:14.107545;1285;Florianópolis;Gabriela Santos;Smartwatch Garmin;Karen Christenson;feminino;cartão de crédito
2026-05-17 05:06:05.059033;1286;Porto Alegre;Roberto Ferreira;Fone de Ouvido Sony;Randy Chen;masculino;cartão de crédito
2026-05-17 05:40:05.810388;1287;Rio de Janeiro;Pedro Souza;Fone de Ouvido Sony;Robert Cooper;masculino;boleto
2026-05-17 19:47:09.006368;1288;Belo Horizonte;Fernanda Costa;Fone de Ouvido Sony;Jennifer Flagge;feminino;pix
2026-05-17 21:21:09.839759;1289;Belo Horizonte;Carlos Silva;Notebook Dell Inspiron;Linda Fuller;feminino;cartão de crédito
2026-05-17 21:39:12.692071;1290;São Paulo;Ana Oliveira;Tablet Apple Ipad;William Quick;masculino;boleto
2026-05-17 22:30:06.375653;1291;Rio de Janeiro;Juliana Almeida;Tablet Apple Ipad;Calvin Oneal;masculino;dinheiro
2026-05-18 00:57:08.149154;1292;Rio de Janeiro;Pedro Souza;Smartphone Samsung Galaxy;Dolores Skeans;feminino;cartão de crédito
2026-05-18 00:59:08.740851;1293;Florianópolis;Tiago Lima;Fone de Ouvido Sony;Allen Brokaw;masculino;dinheiro
2026-05-18 01:05:07.983251;1294;Porto Alegre;Roberto Ferreira;Smartphone Samsung Galaxy;Gail Starnes;feminino;cartão de crédito
2026-05-19 00:37:10.583920;1295;Florianópolis;Gabriela Santos;Notebook Dell Inspiron;John Cleghorn;masculino;boleto
2026-05-19 18:59:08.937611;1296;São Paulo;Lucas Pereira;Fone de Ouvido Sony;Helen Davis;feminino;dinheiro
2026-05-19 19:46:08.086753;1297;Florianópolis;Gabriela Santos;Smartwatch Garmin;Priscilla Graham;feminino;dinheiro
2026-05-19 20:12:10.084624;1298;Rio de Janeiro;Juliana Almeida;Smartwatch Garmin;Pamela Baker;feminino;boleto
2026-05-19 21:38:11.060823;1299;Rio de Janeiro;Juliana Almeida;Tablet Apple Ipad;Joel Antonio;masculino;cartão de crédito
2026-05-19 22:32:10.277767;1300;Belo Horizonte;Fernanda Costa;Smartwatch Garmin;Lawrence Walker;masculino;boleto
2026-05-19 23:28:07.038862;1301;Belo Horizonte;Carlos Silva;Fone de Ouvido Sony;Kathy Lockhart;feminino;pix
2026-05-20 00:10:10.749004;1302;Belo Horizonte;Carlos Silva;Smartphone Samsung Galaxy;Terri Payne;feminino;dinheiro
2026-05-20 01:32:08.119371;1303;Porto Alegre;Mariana Gomes;Smartphone Samsung Galaxy;Edward Johnson;masculino;dinheiro
2026-05-20 04:23:13.199478;1304;São Paulo;Lucas Pereira;Notebook Dell Inspiron;William Riedel;masculino;dinheiro
2026-05-20 05:31:05.055518;1305;Florianópolis;Tiago Lima;Fone de Ouvido Sony;Harold Keller;masculino;dinheiro
2026-05-20 18:59:07.523312;1306;Belo Horizonte;Fernanda Costa;Notebook Dell Inspiron;Norbert Martino;masculino;pix
2026-05-21 20:16:05.251621;1307;Rio de Janeiro;Pedro Souza;Smartphone Samsung Galaxy;Ana White;feminino;boleto
2026-05-21 21:18:14.389381;1308;Rio de Janeiro;Juliana Almeida;Smartphone Samsung Galaxy;Jerry Perry;masculino;boleto
2026-05-21 22:53:05.973219;1309;São Paulo;Lucas Pereira;Smartwatch Garmin;Ethel King;feminino;pix
2026-05-21 23:00:08.583059;1310;Belo Horizonte;Fernanda Costa;Smartphone Samsung Galaxy;Wayne Tibbs;masculino;boleto
2026-05-22 02:13:09.263598;1311;Porto Alegre;Mariana Gomes;Tablet Apple Ipad;Ricardo Kuster;masculino;dinheiro
2026-05-22 04:14:10.595578;1312;Porto Alegre;Mariana Gomes;Tablet Apple Ipad;Charles Durant;masculino;boleto
2026-05-22 19:24:06.919098;1313;São Paulo;Lucas Pereira;Tablet Apple Ipad;Henry Mcfadden;masculino;pix
2026-05-22 19:50:11.564113;1314;Belo Horizonte;Fernanda Costa;Notebook Dell Inspiron;Bonita Phillips;feminino;pix
2026-05-22 20:11:09.653965;1315;Rio de Janeiro;Pedro Souza;Smartwatch Garmin;Betty Hanson;feminino;boleto
2026-05-22 20:45:08.126610;1316;São Paulo;Lucas Pereira;Tablet Apple Ipad;Lloyd Marks;masculino;pix
2026-05-22 21:50:13.136653;1317;Belo Horizonte;Fernanda Costa;Fone de Ouvido Sony;Juanita Walker;feminino;boleto
2026-05-23 01:41:08.975945;1318;Porto Alegre;Mariana Gomes;Tablet Apple Ipad;Darlene Hilton;feminino;dinheiro
2026-05-23 03:54:14.386624;1319;São Paulo;Lucas Pereira;Smartphone Samsung Galaxy;Ivonne Francois;feminino;boleto
2026-05-23 05:51:05.239045;1320;Florianópolis;Gabriela Santos;Smartwatch Garmin;Carlton Hernandez;masculino;pix
2026-05-23 21:38:07.527448;1321;Porto Alegre;Roberto Ferreira;Fone de Ouvido Sony;Carol Mcmullen;feminino;pix
2026-05-24 03:30:08.433906;1322;Rio de Janeiro;Juliana Almeida;Fone de Ouvido Sony;Arthur Holt;masculino;dinheiro
2026-05-24 19:42:11.712076;1323;Florianópolis;Tiago Lima;Smartwatch Garmin;Eda Hayes;feminino;dinheiro
2026-05-24 22:17:13.035158;1324;Florianópolis;Gabriela Santos;Notebook Dell Inspiron;John Plumer;masculino;boleto
2026-05-25 00:19:09.647241;1325;São Paulo;Lucas Pereira;Smartphone Samsung Galaxy;Annalisa Petersen;feminino;pix
2026-05-25 01:32:10.602660;1326;Rio de Janeiro;Juliana Almeida;Fone de Ouvido Sony;Francisca Keehn;feminino;boleto
2026-05-25 02:45:13.938998;1327;São Paulo;Lucas Pereira;Tablet Apple Ipad;Indira Humphries;feminino;dinheiro
2026-05-25 03:55:10.295320;1328;Florianópolis;Gabriela Santos;Notebook Dell Inspiron;Leandro Miller;masculino;dinheiro
2026-05-25 04:57:06.451795;1329;Porto Alegre;Roberto Ferreira;Smartphone Samsung Galaxy;Franklin Roques;masculino;boleto
2026-05-25 19:30:08.570785;1330;Belo Horizonte;Fernanda Costa;Smartwatch Garmin;Richard Easley;masculino;cartão de crédito
2026-05-25 21:31:10.323150;1331;Florianópolis;Tiago Lima;Fone de Ouvido Sony;Lilia Koenig;feminino;pix
2026-05-25 21:33:08.961214;1332;Florianópolis;Gabriela Santos;Smartphone Samsung Galaxy;Christopher Bailey;masculino;pix
2026-05-25 22:18:04.826265;1333;Belo Horizonte;Fernanda Costa;Fone de Ouvido Sony;Fernando Catholic;masculino;dinheiro
2026-05-25 22:29:12.523825;1334;Florianópolis;Tiago Lima;Fone de Ouvido Sony;Debra Ashford;feminino;cartão de crédito
2026-05-25 23:13:05.840248;1335;Porto Alegre;Roberto Ferreira;Notebook Dell Inspiron;Kate Barns;feminino;cartão de crédito
2026-05-26 22:27:07.782648;1336;Florianópolis;Gabriela Santos;Smartphone Samsung Galaxy;Anna Holmquist;feminino;dinheiro
2026-05-27 02:15:07.092680;1337;Belo Horizonte;Fernanda Costa;Notebook Dell Inspiron;Dixie Benson;feminino;dinheiro
2026-05-27 02:38:08.084043;1338;Belo Horizonte;Carlos Silva;Fone de Ouvido Sony;Arthur Cory;masculino;pix
2026-05-27 05:22:05.146637;1339;Belo Horizonte;Fernanda Costa;Notebook Dell Inspiron;Cathy Rollins;feminino;cartão de crédito
2026-05-27 21:28:10.877078;1340;São Paulo;Lucas Pereira;Smartphone Samsung Galaxy;Stacie Patrick;feminino;cartão de crédito
2026-05-27 21:35:10.875722;1341;Porto Alegre;Roberto Ferreira;Fone de Ouvido Sony;Ivan Temple;masculino;cartão de crédito
2026-05-27 21:54:06.888472;1342;Florianópolis;Gabriela Santos;Notebook Dell Inspiron;Jerry Miller;masculino;boleto
2026-05-27 23:46:09.626885;1343;Rio de Janeiro;Juliana Almeida;Notebook Dell Inspiron;Patricia Hummel;feminino;pix
2026-05-28 02:00:08.213865;1344;Belo Horizonte;Fernanda Costa;Smartphone Samsung Galaxy;Raymond Fannell;masculino;dinheiro
2026-05-28 02:10:11.162751;1345;Belo Horizonte;Fernanda Costa;Fone de Ouvido Sony;Nicole Trajillo;feminino;cartão de crédito
2026-05-28 03:29:14.116385;1346;Belo Horizonte;Fernanda Costa;Smartphone Samsung Galaxy;Ronald Anderson;masculino;dinheiro
2026-05-28 04:00:12.793642;1347;Porto Alegre;Roberto Ferreira;Fone de Ouvido Sony;Deborah Clark;feminino;boleto
2026-05-28 22:27:12.119042;1348;Florianópolis;Gabriela Santos;Smartwatch Garmin;Martha Hart;feminino;dinheiro
2026-05-29 00:57:08.746139;1349;São Paulo;Ana Oliveira;Smartphone Samsung Galaxy;Rose Huddleston;feminino;pix
2026-05-29 02:35:12.518425;1350;São Paulo;Ana Oliveira;Fone de Ouvido Sony;Joshua Hudson;masculino;pix
2026-05-29 03:18:05.735313;1351;Porto Alegre;Mariana Gomes;Smartphone Samsung Galaxy;Doris Borton;feminino;boleto
2026-05-29 20:30:10.715014;1352;Porto Alegre;Mariana Gomes;Tablet Apple Ipad;Ricardo Douglas;masculino;boleto
2026-05-30 02:20:13.593840;1353;Rio de Janeiro;Pedro Souza;Notebook Dell Inspiron;Tyra Moon;feminino;cartão de crédito
2026-05-30 02:55:09.755371;1354;Porto Alegre;Roberto Ferreira;Tablet Apple Ipad;Sandra Torres;feminino;dinheiro
2026-05-30 02:57:07.254810;1355;Belo Horizonte;Fernanda Costa;Fone de Ouvido Sony;Phyllis Luchetti;feminino;pix
2026-05-30 03:06:10.145136;1356;Florianópolis;Tiago Lima;Notebook Dell Inspiron;Jeremy Marnell;masculino;boleto
2026-05-30 04:55:05.295352;1357;São Paulo;Lucas Pereira;Notebook Dell Inspiron;Christopher Fields;masculino;cartão de crédito
2026-05-30 19:09:08.972059;1358;Belo Horizonte;Carlos Silva;Smartwatch Garmin;Jeffrey Griego;masculino;boleto
2026-05-30 20:23:10.016349;1359;São Paulo;Lucas Pereira;Tablet Apple Ipad;Helen Booker;feminino;boleto
2026-05-30 20:52:05.805741;1360;Florianópolis;Gabriela Santos;Fone de Ouvido Sony;Matthew Blais;masculino;pix
2026-05-30 21:18:05.815822;1361;Porto Alegre;Roberto Ferreira;Smartwatch Garmin;Earl Binder;masculino;boleto
2026-05-31 00:11:09.524289;1362;São Paulo;Lucas Pereira;Notebook Dell Inspiron;Annmarie Thomas;feminino;cartão de crédito
2026-05-31 02:14:09.543330;1363;Belo Horizonte;Carlos Silva;Smartphone Samsung Galaxy;Carole Dominguez;feminino;cartão de crédito
2026-05-31 21:32:08.924340;1364;Florianópolis;Gabriela Santos;Tablet Apple Ipad;Norman Michaud;masculino;dinheiro
2026-05-31 23:20:13.449170;1365;Belo Horizonte;Carlos Silva;Smartphone Samsung Galaxy;Thomas Colman;masculino;pix
2026-06-01 21:39:13.854418;1366;Florianópolis;Gabriela Santos;Tablet Apple Ipad;David Perez;masculino;dinheiro
2026-06-01 23:54:08.323271;1367;Rio de Janeiro;Juliana Almeida;Notebook Dell Inspiron;Dudley Navarro;masculino;pix
2026-06-02 00:08:12.510546;1368;São Paulo;Lucas Pereira;Notebook Dell Inspiron;Marva Long;feminino;dinheiro
2026-06-02 01:30:05.812302;1369;Belo Horizonte;Fernanda Costa;Tablet Apple Ipad;Harold Hayes;masculino;cartão de crédito
2026-06-02 02:32:13.366401;1370;Rio de Janeiro;Pedro Souza;Fone de Ouvido Sony;Lela Chugg;feminino;cartão de crédito
2026-06-02 02:37:10.718377;1371;Florianópolis;Tiago Lima;Notebook Dell Inspiron;Cody Tiry;masculino;dinheiro
2026-06-03 01:02:07.108755;1372;São Paulo;Lucas Pereira;Smartphone Samsung Galaxy;Joanne Marien;feminino;cartão de crédito
2026-06-03 03:20:05.795721;1373;Rio de Janeiro;Juliana Almeida;Smartwatch Garmin;Mandy Thompson;feminino;boleto
2026-06-03 04:47:12.871377;1374;Rio de Janeiro;Juliana Almeida;Smartphone Samsung Galaxy;Donna Kavanaugh;feminino;pix
2026-06-03 20:18:12.710057;1375;Porto Alegre;Mariana Gomes;Smartphone Samsung Galaxy;Judy Allbee;feminino;dinheiro
2026-06-03 20:20:09.661730;1376;São Paulo;Lucas Pereira;Smartphone Samsung Galaxy;Maria Gertz;feminino;dinheiro
2026-06-03 22:30:13.458434;1377;São Paulo;Ana Oliveira;Notebook Dell Inspiron;Leslie Waldschmidt;feminino;boleto
2026-06-03 23:04:12.393812;1378;Belo Horizonte;Fernanda Costa;Smartwatch Garmin;Olga Williamson;feminino;dinheiro
2026-06-03 23:11:14.241088;1379;Florianópolis;Gabriela Santos;Tablet Apple Ipad;Nathanial Ramirez;masculino;cartão de crédito
2026-06-04 00:48:08.340664;1380;São Paulo;Lucas Pereira;Smartwatch Garmin;Gwen Bickham;feminino;dinheiro
2026-06-04 03:58:06.211185;1381;Belo Horizonte;Carlos Silva;Smartwatch Garmin;Ramon Duskey;masculino;dinheiro
2026-06-04 05:03:07.525086;1382;Rio de Janeiro;Pedro Souza;Fone de Ouvido Sony;Kathryn Menendez;feminino;pix
2026-06-04 19:50:08.889978;1383;Rio de Janeiro;Juliana Almeida;Tablet Apple Ipad;Frank Davis;masculino;cartão de crédito
2026-06-04 20:39:13.247289;1384;Porto Alegre;Roberto Ferreira;Smartphone Samsung Galaxy;Paul Starr;masculino;pix
2026-06-05 00:11:11.104666;1385;Rio de Janeiro;Juliana Almeida;Smartphone Samsung Galaxy;Austin Harlow;masculino;boleto
2026-06-05 02:47:07.293059;1386;São Paulo;Ana Oliveira;Fone de Ouvido Sony;Sandra Gonzalez;feminino;cartão de crédito
2026-06-05 05:46:09.597636;1387;São Paulo;Ana Oliveira;Smartwatch Garmin;Russell Nielson;masculino;boleto
2026-06-05 19:36:09.354399;1388;Florianópolis;Gabriela Santos;Notebook Dell Inspiron;Patsy Trombetta;feminino;cartão de crédito
2026-06-06 00:07:05.819899;1389;São Paulo;Lucas Pereira;Smartwatch Garmin;Debra Turner;feminino;cartão de crédito
2026-06-06 02:02:06.418182;1390;Florianópolis;Gabriela Santos;Tablet Apple Ipad;Betty Frank;feminino;dinheiro
2026-06-06 04:59:12.814735;1391;São Paulo;Ana Oliveira;Smartphone Samsung Galaxy;John Rivers;masculino;cartão de crédito
2026-06-06 05:15:09.932642;1392;Belo Horizonte;Fernanda Costa;Smartwatch Garmin;Katherine Lopez;feminino;boleto
2026-06-06 05:23:09.790808;1393;Porto Alegre;Roberto Ferreira;Tablet Apple Ipad;Linda Michelotti;feminino;pix
2026-06-06 05:32:12.318319;1394;São Paulo;Ana Oliveira;Tablet Apple Ipad;Charles Benson;masculino;pix
2026-06-06 23:46:07.365678;1395;Belo Horizonte;Fernanda Costa;Notebook Dell Inspiron;Catherine Evey;feminino;boleto
2026-06-07 01:06:10.450448;1396;Porto Alegre;Roberto Ferreira;Tablet Apple Ipad;Kevin Smith;masculino;pix
2026-06-07 01:47:05.891414;1397;Rio de Janeiro;Pedro Souza;Notebook Dell Inspiron;Jerry Creech;masculino;cartão de crédito
2026-06-07 04:25:07.199698;1398;Porto Alegre;Roberto Ferreira;Tablet Apple Ipad;Anthony Maxwell;masculino;pix
2026-06-07 05:05:10.650072;1399;Porto Alegre;Roberto Ferreira;Fone de Ouvido Sony;Robert Mullins;masculino;pix
2026-06-08 03:08:07.673356;1400;Porto Alegre;Mariana Gomes;Fone de Ouvido Sony;Gloria Cano;feminino;cartão de crédito
2026-06-08 22:15:11.784063;1401;Rio de Janeiro;Juliana Almeida;Smartwatch Garmin;Lucille Ayon;feminino;boleto
2026-06-08 23:44:13.196190;1402;Porto Alegre;Roberto Ferreira;Notebook Dell Inspiron;Sharon Becerra;feminino;boleto
2026-06-09 02:03:06.414815;1403;Belo Horizonte;Fernanda Costa;Fone de Ouvido Sony;Raymond Parris;masculino;dinheiro
2026-06-09 04:24:12.295601;1404;Florianópolis;Gabriela Santos;Tablet Apple Ipad;Ima Brandwein;feminino;pix
2026-06-09 04:49:11.231970;1405;Florianópolis;Tiago Lima;Smartphone Samsung Galaxy;Mary Black;feminino;dinheiro
2026-06-09 05:20:10.286785;1406;Belo Horizonte;Fernanda Costa;Notebook Dell Inspiron;George Johnson;masculino;boleto
2026-06-09 20:01:08.747346;1407;Florianópolis;Gabriela Santos;Notebook Dell Inspiron;Lee Meacham;masculino;boleto
2026-06-09 23:07:14.160660;1408;Rio de Janeiro;Pedro Souza;Fone de Ouvido Sony;Richard Lawrence;masculino;dinheiro
2026-06-09 23:39:13.941547;1409;Porto Alegre;Mariana Gomes;Tablet Apple Ipad;Phuong Lopeman;feminino;cartão de crédito
2026-06-10 05:23:11.298190;1410;São Paulo;Ana Oliveira;Fone de Ouvido Sony;Raul Murphy;masculino;boleto
2026-06-10 05:46:12.842317;1411;Belo Horizonte;Fernanda Costa;Fone de Ouvido Sony;Lawrence Dail;masculino;cartão de crédito
2026-06-10 19:22:13.620973;1412;Porto Alegre;Mariana Gomes;Smartwatch Garmin;Amanda Hill;feminino;pix
2026-06-10 19:43:06.063537;1413;São Paulo;Ana Oliveira;Smartwatch Garmin;Cynthia Sumlin;feminino;boleto
2026-06-10 20:49:10.911714;1414;Porto Alegre;Roberto Ferreira;Smartphone Samsung Galaxy;Margret Rieben;feminino;dinheiro
2026-06-10 21:32:14.058549;1415;Florianópolis;Gabriela Santos;Smartwatch Garmin;Sara Brokaw;feminino;dinheiro
2026-06-11 01:33:12.164545;1416;São Paulo;Lucas Pereira;Notebook Dell Inspiron;David Nguyen;masculino;dinheiro
2026-06-11 03:28:08.179031;1417;São Paulo;Ana Oliveira;Smartphone Samsung Galaxy;Janice Bowman;feminino;pix
2026-06-11 03:55:06.101144;1418;Belo Horizonte;Fernanda Costa;Tablet Apple Ipad;Phyllis Derck;feminino;dinheiro
2026-06-11 19:10:11.052638;1419;São Paulo;Ana Oliveira;Fone de Ouvido Sony;Gladys Stratton;feminino;cartão de crédito
2026-06-11 20:13:09.978218;1420;São Paulo;Ana Oliveira;Tablet Apple Ipad;Trisha Lomax;feminino;boleto
2026-06-12 01:32:13.164307;1421;Porto Alegre;Roberto Ferreira;Smartphone Samsung Galaxy;Morgan Ball;feminino;pix
2026-06-12 02:07:13.146798;1422;Rio de Janeiro;Juliana Almeida;Tablet Apple Ipad;Wayne Helmuth;masculino;dinheiro
2026-06-12 02:10:12.676685;1423;São Paulo;Ana Oliveira;Smartwatch Garmin;Betty Jackson;feminino;pix
2026-06-12 04:45:13.033853;1424;Belo Horizonte;Carlos Silva;Smartwatch Garmin;James Babb;masculino;boleto
2026-06-12 04:59:12.501895;1425;Rio de Janeiro;Pedro Souza;Smartwatch Garmin;Mary Reynolds;feminino;cartão de crédito
2026-06-12 20:55:14.239461;1426;Florianópolis;Tiago Lima;Notebook Dell Inspiron;Yvonne Cook;feminino;cartão de crédito
2026-06-12 21:04:09.828683;1427;Porto Alegre;Roberto Ferreira;Fone de Ouvido Sony;Carol Moore;feminino;cartão de crédito
2026-06-12 22:58:05.293342;1428;São Paulo;Ana Oliveira;Smartwatch Garmin;Thomas Meadows;masculino;dinheiro
2026-06-13 00:12:07.317395;1429;Rio de Janeiro;Pedro Souza;Fone de Ouvido Sony;Ben Wittstock;masculino;cartão de crédito
2026-06-13 02:30:13.206162;1430;São Paulo;Lucas Pereira;Smartwatch Garmin;Tony Heidel;masculino;dinheiro
2026-06-13 05:03:12.685083;1431;São Paulo;Lucas Pereira;Smartphone Samsung Galaxy;Patricia Stalnaker;feminino;boleto
2026-06-13 05:10:13.853135;1432;Porto Alegre;Roberto Ferreira;Smartwatch Garmin;Brandon Jean;masculino;boleto
2026-06-13 19:04:06.279613;1433;São Paulo;Ana Oliveira;Tablet Apple Ipad;Lisa Pettey;feminino;dinheiro
2026-06-13 19:20:12.996001;1434;Rio de Janeiro;Juliana Almeida;Smartwatch Garmin;Michelle Drummond;feminino;dinheiro
2026-06-13 20:33:13.145170;1435;São Paulo;Ana Oliveira;Fone de Ouvido Sony;Tammy Coy;feminino;boleto
2026-06-13 22:17:13.191412;1436;São Paulo;Lucas Pereira;Notebook Dell Inspiron;Brian Ramirez;masculino;cartão de crédito
2026-06-14 00:27:13.654626;1437;Belo Horizonte;Fernanda Costa;Smartwatch Garmin;Crystal Nolen;feminino;pix
2026-06-14 00:35:13.782440;1438;Rio de Janeiro;Juliana Almeida;Tablet Apple Ipad;Bruce Flickner;masculino;pix
2026-06-14 01:22:10.702134;1439;Rio de Janeiro;Pedro Souza;Tablet Apple Ipad;Katherine Ortiz;feminino;pix
2026-06-14 01:23:12.030491;1440;Rio de Janeiro;Juliana Almeida;Smartphone Samsung Galaxy;Michael Chisholm;masculino;boleto
2026-06-14 04:00:07.666430;1441;São Paulo;Ana Oliveira;Smartphone Samsung Galaxy;William Scott;masculino;boleto
2026-06-14 19:31:12.087523;1442;São Paulo;Ana Oliveira;Smartwatch Garmin;Elvira Provencher;feminino;dinheiro
2026-06-14 20:32:09.080309;1443;Rio de Janeiro;Pedro Souza;Notebook Dell Inspiron;Barbara Guilford;feminino;dinheiro
2026-06-14 20:44:10.910258;1444;São Paulo;Lucas Pereira;Smartwatch Garmin;Donald Smiley;masculino;dinheiro
2026-06-14 23:55:11.434397;1445;Belo Horizonte;Fernanda Costa;Fone de Ouvido Sony;Catherine Gilbert;feminino;pix
2026-06-15 01:20:08.713767;1446;Rio de Janeiro;Juliana Almeida;Smartphone Samsung Galaxy;Bev Mark;feminino;pix
2026-06-15 02:14:13.360679;1447;Porto Alegre;Roberto Ferreira;Smartphone Samsung Galaxy;Steven Smith;masculino;pix
2026-06-15 05:20:10.174272;1448;Rio de Janeiro;Pedro Souza;Fone de Ouvido Sony;Lillian Laue;feminino;pix
2026-06-15 19:29:09.597068;1449;Belo Horizonte;Carlos Silva;Smartwatch Garmin;Edward Sanchez;masculino;pix
2026-06-15 19:29:14.379355;1450;São Paulo;Ana Oliveira;Smartwatch Garmin;Norma Gooden;feminino;cartão de crédito
2026-06-15 20:58:09.228930;1451;Belo Horizonte;Carlos Silva;Tablet Apple Ipad;Bernice Fischer;feminino;dinheiro
2026-06-16 00:33:05.905134;1452;Belo Horizonte;Fernanda Costa;Tablet Apple Ipad;Cindy Gamba;feminino;cartão de crédito
2026-06-16 02:06:09.822352;1453;São Paulo;Ana Oliveira;Notebook Dell Inspiron;Charles Mcmahan;masculino;dinheiro
2026-06-16 02:09:09.038270;1454;Florianópolis;Gabriela Santos;Notebook Dell Inspiron;William Ricard;masculino;boleto
2026-06-16 02:53:10.615207;1455;Rio de Janeiro;Juliana Almeida;Notebook Dell Inspiron;Faye Thorne;feminino;cartão de crédito
2026-06-16 04:37:04.806846;1456;Belo Horizonte;Fernanda Costa;Tablet Apple Ipad;Laura Funk;feminino;pix
2026-06-16 23:39:12.188822;1457;São Paulo;Lucas Pereira;Tablet Apple Ipad;Patricia Mahoney;feminino;boleto
2026-06-17 01:11:11.732029;1458;São Paulo;Lucas Pereira;Smartwatch Garmin;George Day;masculino;boleto
2026-06-17 01:32:14.219440;1459;Porto Alegre;Roberto Ferreira;Smartphone Samsung Galaxy;Sheba Rosenau;feminino;pix
2026-06-17 04:08:12.605232;1460;Florianópolis;Gabriela Santos;Tablet Apple Ipad;Jeremy Okane;masculino;pix
2026-06-17 04:19:08.080813;1461;São Paulo;Lucas Pereira;Fone de Ouvido Sony;Noriko Martinez;feminino;dinheiro
2026-06-17 05:43:12.611344;1462;Florianópolis;Tiago Lima;Notebook Dell Inspiron;Joshua Clennon;masculino;pix
2026-06-17 19:14:12.676926;1463;Rio de Janeiro;Pedro Souza;Fone de Ouvido Sony;Clinton Domingue;masculino;pix
2026-06-17 23:02:11.207681;1464;Rio de Janeiro;Juliana Almeida;Tablet Apple Ipad;Lesli Prather;feminino;dinheiro
2026-06-18 00:00:14.052219;1465;Florianópolis;Gabriela Santos;Smartphone Samsung Galaxy;Sandra Rogers;feminino;pix
2026-06-18 04:17:12.040808;1466;Rio de Janeiro;Juliana Almeida;Smartphone Samsung Galaxy;Lee Calderon;masculino;cartão de crédito
2026-06-18 19:18:11.959813;1467;São Paulo;Lucas Pereira;Fone de Ouvido Sony;Patricia Cork;feminino;cartão de crédito
2026-06-18 21:17:08.668345;1468;Porto Alegre;Roberto Ferreira;Smartwatch Garmin;John Rodgers;masculino;boleto
2026-06-18 21:35:12.857262;1469;Rio de Janeiro;Pedro Souza;Smartwatch Garmin;Scott Conkling;masculino;boleto
2026-06-19 05:08:13.468132;1470;Belo Horizonte;Fernanda Costa;Tablet Apple Ipad;Linda Abernathy;feminino;boleto
2026-06-19 05:49:13.480399;1471;Florianópolis;Tiago Lima;Fone de Ouvido Sony;Megan Smith;feminino;cartão de crédito
2026-06-19 23:39:08.937850;1472;Florianópolis;Tiago Lima;Notebook Dell Inspiron;Marilyn Cullum;feminino;pix
2026-06-20 02:38:10.014382;1473;Belo Horizonte;Fernanda Costa;Notebook Dell Inspiron;Linda Leggett;feminino;dinheiro
2026-06-20 18:59:05.750715;1474;São Paulo;Lucas Pereira;Tablet Apple Ipad;Kelley Windham;feminino;dinheiro
2026-06-20 22:13:11.503008;1475;Porto Alegre;Mariana Gomes;Smartwatch Garmin;Flora Spears;feminino;cartão de crédito
2026-06-21 01:57:12.349009;1476;Rio de Janeiro;Juliana Almeida;Fone de Ouvido Sony;Arnold Adkins;masculino;dinheiro
2026-06-21 02:39:13.469808;1477;São Paulo;Lucas Pereira;Fone de Ouvido Sony;Patrick Hammond;masculino;cartão de crédito
2026-06-21 03:37:07.664855;1478;Belo Horizonte;Fernanda Costa;Smartphone Samsung Galaxy;Kimberly Bonds;feminino;pix
2026-06-22 02:59:10.375988;1479;Rio de Janeiro;Pedro Souza;Smartphone Samsung Galaxy;Shannon Haupt;feminino;pix
2026-06-22 05:43:12.394778;1480;São Paulo;Ana Oliveira;Notebook Dell Inspiron;Ricky Rump;masculino;pix
2026-06-22 20:47:10.193429;1481;Florianópolis;Tiago Lima;Notebook Dell Inspiron;John Flowers;masculino;cartão de crédito
2026-06-22 21:03:11.269957;1482;Florianópolis;Gabriela Santos;Fone de Ouvido Sony;Ronald Garcia;masculino;dinheiro
2026-06-22 23:00:05.797015;1483;Rio de Janeiro;Juliana Almeida;Tablet Apple Ipad;Dennis Whitcomb;masculino;boleto
2026-06-22 23:11:05.058549;1484;Porto Alegre;Mariana Gomes;Smartphone Samsung Galaxy;Richard Jenkins;masculino;pix
2026-06-23 00:20:09.377209;1485;São Paulo;Lucas Pereira;Fone de Ouvido Sony;Ronnie Riggins;masculino;dinheiro
2026-06-23 01:06:09.322207;1486;Rio de Janeiro;Pedro Souza;Smartwatch Garmin;Stan Covino;masculino;cartão de crédito
2026-06-23 02:36:12.928580;1487;São Paulo;Lucas Pereira;Smartphone Samsung Galaxy;Daniel Cohen;masculino;pix
2026-06-23 02:57:08.199495;1488;São Paulo;Lucas Pereira;Smartphone Samsung Galaxy;Linda Dagel;feminino;cartão de crédito
2026-06-23 04:52:11.272561;1489;Belo Horizonte;Carlos Silva;Notebook Dell Inspiron;Susan Alvis;feminino;pix
2026-06-23 04:57:11.297871;1490;Rio de Janeiro;Juliana Almeida;Notebook Dell Inspiron;Rebecca Hopkins;feminino;dinheiro
2026-06-23 21:09:11.398747;1491;Porto Alegre;Mariana Gomes;Smartphone Samsung Galaxy;Jennifer Taylor;feminino;cartão de crédito
2026-06-24 05:18:13.638407;1492;São Paulo;Lucas Pereira;Notebook Dell Inspiron;Mellisa Jennings;feminino;cartão de crédito
2026-06-24 19:26:13.938478;1493;Florianópolis;Tiago Lima;Smartwatch Garmin;Clarence Wood;masculino;dinheiro
2026-06-25 00:58:08.673966;1494;Porto Alegre;Mariana Gomes;Smartwatch Garmin;Karen Tillman;feminino;cartão de crédito
2026-06-25 01:00:11.773770;1495;Florianópolis;Tiago Lima;Smartphone Samsung Galaxy;Delois Ferguson;feminino;cartão de crédito
2026-06-25 01:22:09.365905;1496;Porto Alegre;Mariana Gomes;Tablet Apple Ipad;Lottie Brown;feminino;dinheiro
2026-06-25 05:38:07.953285;1497;São Paulo;Lucas Pereira;Smartphone Samsung Galaxy;William Ruby;masculino;pix
2026-06-25 20:20:13.046378;1498;Belo Horizonte;Fernanda Costa;Tablet Apple Ipad;Joseph Mock;masculino;dinheiro
2026-06-25 21:17:05.503614;1499;Florianópolis;Gabriela Santos;Tablet Apple Ipad;Jackie Miller;feminino;pix
2026-06-26 02:22:13.854671;1500;São Paulo;Lucas Pereira;Notebook Dell Inspiron;Ivan Banther;masculino;boleto
2026-06-26 02:55:08.420818;1501;Rio de Janeiro;Pedro Souza;Smartwatch Garmin;Cora Smith;feminino;pix
2026-06-26 22:49:11.705075;1502;Porto Alegre;Mariana Gomes;Notebook Dell Inspiron;Sara Proper;feminino;cartão de crédito
2026-06-27 01:39:06.414040;1503;Florianópolis;Tiago Lima;Smartwatch Garmin;Ann Jenkins;feminino;pix
2026-06-27 21:46:04.812806;1504;Porto Alegre;Mariana Gomes;Notebook Dell Inspiron;Brian Patterson;masculino;cartão de crédito
2026-06-27 21:50:05.771661;1505;Porto Alegre;Mariana Gomes;Tablet Apple Ipad;Lorraine Webb;feminino;boleto
2026-06-27 22:40:06.400124;1506;São Paulo;Lucas Pereira;Smartwatch Garmin;Howard Barrow;masculino;boleto
2026-06-27 22:59:11.696244;1507;Belo Horizonte;Carlos Silva;Fone de Ouvido Sony;Mary Rhem;feminino;boleto
2026-06-27 23:17:10.790367;1508;Porto Alegre;Mariana Gomes;Tablet Apple Ipad;Josefa Baker;feminino;dinheiro
2026-06-28 00:10:09.556531;1509;São Paulo;Ana Oliveira;Fone de Ouvido Sony;Philip Davis;masculino;dinheiro
2026-06-28 01:10:09.229522;1510;Rio de Janeiro;Juliana Almeida;Smartwatch Garmin;John Schaming;masculino;boleto
2026-06-28 01:41:07.065732;1511;Rio de Janeiro;Pedro Souza;Fone de Ouvido Sony;Jerry Miceli;masculino;boleto
2026-06-28 02:23:10.015748;1512;Rio de Janeiro;Pedro Souza;Tablet Apple Ipad;Guadalupe Clarke;feminino;pix
2026-06-28 04:18:07.560531;1513;São Paulo;Lucas Pereira;Smartwatch Garmin;Caroline Allen;feminino;dinheiro
2026-06-28 04:54:09.571960;1514;Porto Alegre;Mariana Gomes;Smartphone Samsung Galaxy;Malik Pratka;masculino;dinheiro
2026-06-28 21:08:10.512619;1515;Belo Horizonte;Fernanda Costa;Smartwatch Garmin;Keith Laford;masculino;dinheiro
2026-06-28 21:52:13.830758;1516;Florianópolis;Gabriela Santos;Tablet Apple Ipad;Kelly Ahlm;feminino;dinheiro
2026-06-29 03:10:08.118684;1517;Belo Horizonte;Carlos Silva;Smartphone Samsung Galaxy;Michael Padgett;masculino;cartão de crédito
2026-06-29 03:12:04.996719;1518;Belo Horizonte;Carlos Silva;Smartphone Samsung Galaxy;April Larson;feminino;pix
2026-06-29 03:13:12.119361;1519;Porto Alegre;Roberto Ferreira;Smartphone Samsung Galaxy;Sara Lechleidner;feminino;cartão de crédito
2026-06-29 03:58:13.107562;1520;Rio de Janeiro;Juliana Almeida;Notebook Dell Inspiron;Cheryl Fisk;feminino;cartão de crédito
2026-06-29 21:54:12.969312;1521;São Paulo;Ana Oliveira;Smartphone Samsung Galaxy;Howard Evans;masculino;pix
2026-06-30 03:24:11.841873;1522;Belo Horizonte;Fernanda Costa;Smartphone Samsung Galaxy;Dorothy Murphy;feminino;pix
2026-06-30 03:54:12.041675;1523;Belo Horizonte;Carlos Silva;Smartwatch Garmin;Nicole Caceres;feminino;boleto
2026-06-30 21:02:12.032419;1524;São Paulo;Ana Oliveira;Fone de Ouvido Sony;Imelda Charland;feminino;pix
2026-06-30 22:42:14.287061;1525;Belo Horizonte;Fernanda Costa;Smartwatch Garmin;Andrew Babena;masculino;pix
2026-06-30 23:44:11.330514;1526;Porto Alegre;Roberto Ferreira;Tablet Apple Ipad;Ruben Wycoff;masculino;pix
2026-07-01 00:13:10.702428;1527;São Paulo;Lucas Pereira;Fone de Ouvido Sony;Justin Boswell;masculino;boleto
2026-07-01 01:18:13.115531;1528;Porto Alegre;Mariana Gomes;Smartphone Samsung Galaxy;David Aiello;masculino;dinheiro
2026-07-01 04:42:10.018434;1529;Florianópolis;Gabriela Santos;Notebook Dell Inspiron;Franklin Ahlman;masculino;pix
2026-07-01 05:00:11.286314;1530;Rio de Janeiro;Juliana Almeida;Notebook Dell Inspiron;Mary Claussen;feminino;boleto
2026-07-01 20:01:13.814203;1531;Belo Horizonte;Fernanda Costa;Fone de Ouvido Sony;Tiffany Drew;feminino;boleto
2026-07-02 03:29:10.842981;1532;Rio de Janeiro;Pedro Souza;Smartphone Samsung Galaxy;John Fisher;masculino;boleto
2026-07-02 03:59:08.730891;1533;Rio de Janeiro;Pedro Souza;Tablet Apple Ipad;Joan Ellingsworth;feminino;cartão de crédito
2026-07-02 19:49:10.617319;1534;Porto Alegre;Roberto Ferreira;Fone de Ouvido Sony;Jerry Mazza;masculino;dinheiro
2026-07-02 19:50:10.652388;1535;Rio de Janeiro;Juliana Almeida;Tablet Apple Ipad;Harvey Mcgrath;masculino;boleto
2026-07-02 21:52:08.648993;1536;São Paulo;Ana Oliveira;Tablet Apple Ipad;Bruce Turney;masculino;dinheiro
2026-07-03 01:06:10.809897;1537;Florianópolis;Tiago Lima;Smartwatch Garmin;Mario Wallach;masculino;dinheiro
2026-07-03 18:57:08.421980;1538;Porto Alegre;Roberto Ferreira;Fone de Ouvido Sony;Jorge Robertson;masculino;dinheiro
2026-07-03 20:03:05.060060;1539;Belo Horizonte;Fernanda Costa;Tablet Apple Ipad;Teressa Karcher;feminino;dinheiro
2026-07-04 02:02:09.508648;1540;Rio de Janeiro;Juliana Almeida;Notebook Dell Inspiron;Christopher Schroeder;masculino;cartão de crédito
2026-07-04 19:59:09.080061;1541;São Paulo;Lucas Pereira;Smartwatch Garmin;Mary Carter;feminino;pix
2026-07-04 23:09:06.040887;1542;Florianópolis;Gabriela Santos;Smartphone Samsung Galaxy;Glenn Chapman;masculino;cartão de crédito
2026-07-05 00:27:09.599438;1543;Porto Alegre;Mariana Gomes;Tablet Apple Ipad;Virginia Wilson;feminino;pix
2026-07-05 02:01:13.995580;1544;Belo Horizonte;Carlos Silva;Smartphone Samsung Galaxy;Steven Soderlund;masculino;dinheiro
2026-07-05 05:13:07.863508;1545;Porto Alegre;Roberto Ferreira;Smartwatch Garmin;Wallace Montano;masculino;dinheiro
2026-07-05 21:55:13.329192;1546;Porto Alegre;Roberto Ferreira;Fone de Ouvido Sony;Justin Westberry;masculino;pix
2026-07-05 21:59:08.713497;1547;Florianópolis;Tiago Lima;Tablet Apple Ipad;Michael Gomez;masculino;dinheiro
2026-07-06 00:04:08.457347;1548;Porto Alegre;Mariana Gomes;Smartwatch Garmin;Nicole Leonard;feminino;dinheiro
2026-07-06 05:34:14.277403;1549;Belo Horizonte;Carlos Silva;Smartwatch Garmin;Jermaine Sisk;masculino;pix
2026-07-06 05:37:12.875477;1550;Florianópolis;Gabriela Santos;Tablet Apple Ipad;Larry Williams;masculino;dinheiro
2026-07-06 21:29:10.713554;1551;Florianópolis;Tiago Lima;Smartphone Samsung Galaxy;Kelli Helms;feminino;cartão de crédito
2026-07-07 01:14:05.073784;1552;Porto Alegre;Mariana Gomes;Fone de Ouvido Sony;Crystal Keith;feminino;boleto
2026-07-07 02:50:13.140839;1553;Florianópolis;Gabriela Santos;Notebook Dell Inspiron;Mattie Bishop;feminino;pix
2026-07-07 03:27:10.089488;1554;Rio de Janeiro;Pedro Souza;Notebook Dell Inspiron;Arthur Herder;masculino;dinheiro
2026-07-07 21:54:13.966652;1555;São Paulo;Lucas Pereira;Smartphone Samsung Galaxy;Sara Holm;feminino;dinheiro
2026-07-08 01:49:10.293572;1556;São Paulo;Lucas Pereira;Smartwatch Garmin;Ofelia Delarosa;feminino;pix
2026-07-08 02:37:09.094976;1557;Florianópolis;Gabriela Santos;Fone de Ouvido Sony;Evelina Mcgrath;feminino;dinheiro
2026-07-08 02:42:10.083118;1558;Porto Alegre;Mariana Gomes;Fone de Ouvido Sony;Elaine Orourke;feminino;dinheiro
2026-07-09 00:55:10.621912;1559;São Paulo;Lucas Pereira;Smartwatch Garmin;Shelly Andrews;feminino;cartão de crédito
2026-07-09 01:30:11.581238;1560;Porto Alegre;Roberto Ferreira;Smartphone Samsung Galaxy;Penny Roberson;feminino;boleto
2026-07-09 01:33:08.784810;1561;Porto Alegre;Roberto Ferreira;Smartphone Samsung Galaxy;Lizzie Payne;feminino;boleto
2026-07-09 04:19:13.511651;1562;Belo Horizonte;Carlos Silva;Smartphone Samsung Galaxy;Ollie Kavanagh;feminino;boleto
2026-07-09 19:33:10.581899;1563;Porto Alegre;Roberto Ferreira;Notebook Dell Inspiron;Rachael Porter;feminino;cartão de crédito
2026-07-09 21:40:06.885667;1564;Belo Horizonte;Carlos Silva;Notebook Dell Inspiron;Albert Jones;masculino;dinheiro
2026-07-09 21:59:09.512252;1565;Rio de Janeiro;Pedro Souza;Smartwatch Garmin;Jeremy Mayse;masculino;dinheiro
2026-07-10 22:14:13.070344;1566;Rio de Janeiro;Pedro Souza;Smartphone Samsung Galaxy;Irene Arkenberg;feminino;dinheiro
2026-07-10 22:34:08.160618;1567;Florianópolis;Tiago Lima;Smartphone Samsung Galaxy;Christopher Hernandez;masculino;dinheiro
2026-07-10 22:41:10.799241;1568;Rio de Janeiro;Juliana Almeida;Smartphone Samsung Galaxy;Benita Jackson;feminino;dinheiro
2026-07-11 00:34:13.481879;1569;São Paulo;Lucas Pereira;Fone de Ouvido Sony;Roy Gibbs;masculino;pix
2026-07-11 01:11:11.280733;1570;Rio de Janeiro;Pedro Souza;Tablet Apple Ipad;Stefan Pharr;masculino;boleto
2026-07-11 02:15:12.969624;1571;Belo Horizonte;Fernanda Costa;Notebook Dell Inspiron;Sherrie Johansen;feminino;dinheiro
2026-07-11 02:22:07.527127;1572;Belo Horizonte;Carlos Silva;Smartphone Samsung Galaxy;Howard Carpenter;masculino;boleto
2026-07-11 02:47:12.415374;1573;São Paulo;Ana Oliveira;Smartphone Samsung Galaxy;James Byrne;masculino;cartão de crédito
2026-07-11 03:51:08.717791;1574;Florianópolis;Tiago Lima;Notebook Dell Inspiron;Willie Carter;masculino;boleto
2026-07-11 04:27:13.218150;1575;Rio de Janeiro;Pedro Souza;Smartwatch Garmin;Donald Theuret;masculino;pix
2026-07-12 05:53:09.874951;1576;Belo Horizonte;Fernanda Costa;Smartwatch Garmin;Michael Friley;masculino;cartão de crédito
2026-07-12 20:14:09.912398;1577;Rio de Janeiro;Pedro Souza;Fone de Ouvido Sony;Todd Cruz;masculino;dinheiro
2026-07-13 02:14:10.291696;1578;São Paulo;Lucas Pereira;Fone de Ouvido Sony;Rosalyn Woods;feminino;cartão de crédito
2026-07-13 05:17:10.536233;1579;Belo Horizonte;Carlos Silva;Tablet Apple Ipad;Courtney Cole;feminino;pix
2026-07-13 22:36:10.279612;1580;Rio de Janeiro;Juliana Almeida;Smartwatch Garmin;Kevin Hine;masculino;boleto
2026-07-14 00:35:05.804399;1581;São Paulo;Lucas Pereira;Fone de Ouvido Sony;Jackie Jones;feminino;pix
2026-07-14 00:54:05.874889;1582;Belo Horizonte;Fernanda Costa;Smartphone Samsung Galaxy;Antony Bradford;masculino;pix
2026-07-14 03:01:05.719203;1583;Belo Horizonte;Carlos Silva;Fone de Ouvido Sony;Ena Hutchings;feminino;cartão de crédito
2026-07-14 04:05:13.549405;1584;Belo Horizonte;Carlos Silva;Smartphone Samsung Galaxy;Peter Smith;masculino;dinheiro
2026-07-14 21:55:07.058941;1585;Belo Horizonte;Fernanda Costa;Fone de Ouvido Sony;Eugene Friend;masculino;pix
2026-07-14 23:27:12.852874;1586;São Paulo;Ana Oliveira;Notebook Dell Inspiron;George Carlson;masculino;dinheiro
2026-07-14 23:52:09.771723;1587;Belo Horizonte;Carlos Silva;Fone de Ouvido Sony;Ruby Hudson;feminino;dinheiro
2026-07-15 03:03:08.327828;1588;Rio de Janeiro;Juliana Almeida;Notebook Dell Inspiron;Stacey Dennehy;feminino;boleto
2026-07-15 04:38:06.596296;1589;São Paulo;Ana Oliveira;Smartwatch Garmin;Jeffrey Boccella;masculino;dinheiro
2026-07-15 20:45:12.046213;1590;Porto Alegre;Roberto Ferreira;Smartwatch Garmin;George Moore;masculino;boleto
2026-07-15 22:14:09.446899;1591;Porto Alegre;Roberto Ferreira;Tablet Apple Ipad;Maurice Garcia;masculino;pix
2026-07-15 22:44:13.656937;1592;Florianópolis;Tiago Lima;Notebook Dell Inspiron;Sarah White;feminino;pix
2026-07-15 22:49:10.675573;1593;São Paulo;Lucas Pereira;Smartphone Samsung Galaxy;Louise Bradley;feminino;cartão de crédito
2026-07-16 00:48:06.491927;1594;São Paulo;Lucas Pereira;Notebook Dell Inspiron;Jane Caughey;feminino;cartão de crédito
2026-07-16 03:29:08.197935;1595;Belo Horizonte;Fernanda Costa;Notebook Dell Inspiron;Walter Tierney;masculino;boleto
2026-07-16 04:26:06.949690;1596;Rio de Janeiro;Pedro Souza;Notebook Dell Inspiron;Sean Heise;masculino;dinheiro
2026-07-16 05:17:08.006474;1597;Florianópolis;Tiago Lima;Tablet Apple Ipad;Michael Carter;masculino;cartão de crédito
2026-07-16 05:26:11.740481;1598;São Paulo;Lucas Pereira;Notebook Dell Inspiron;Nancy Jones;feminino;dinheiro
2026-07-16 20:09:12.502498;1599;Porto Alegre;Roberto Ferreira;Notebook Dell Inspiron;Beverly Rude;feminino;pix
2026-07-16 20:25:10.337571;1600;Belo Horizonte;Fernanda Costa;Smartwatch Garmin;Stephen Hernandez;masculino;boleto
2026-07-16 22:41:07.472909;1601;Belo Horizonte;Fernanda Costa;Smartphone Samsung Galaxy;Patricia Credi;feminino;pix
2026-07-17 01:24:12.596293;1602;Belo Horizonte;Fernanda Costa;Smartwatch Garmin;Thomas Gandhi;masculino;pix
2026-07-17 03:38:05.147713;1603;Florianópolis;Tiago Lima;Notebook Dell Inspiron;Bradley Olufson;masculino;pix
2026-07-17 03:54:10.456006;1604;Porto Alegre;Roberto Ferreira;Fone de Ouvido Sony;Tiffany Wagoner;feminino;cartão de crédito
2026-07-17 04:33:13.445392;1605;Belo Horizonte;Fernanda Costa;Tablet Apple Ipad;Russell Butterfield;masculino;dinheiro
2026-07-17 04:41:05.872302;1606;Rio de Janeiro;Juliana Almeida;Notebook Dell Inspiron;Frank Thompson;masculino;pix
2026-07-17 04:55:14.236354;1607;São Paulo;Lucas Pereira;Smartwatch Garmin;Kenneth Smith;masculino;dinheiro
2026-07-17 05:35:14.236578;1608;São Paulo;Lucas Pereira;Tablet Apple Ipad;Scott Villarreal;masculino;pix
2026-07-17 20:52:06.376406;1609;Porto Alegre;Roberto Ferreira;Smartphone Samsung Galaxy;Larry Crimmins;masculino;boleto
2026-07-17 21:43:09.445550;1610;Belo Horizonte;Carlos Silva;Tablet Apple Ipad;Sally Harrison;feminino;cartão de crédito
2026-07-17 22:33:12.360166;1611;São Paulo;Lucas Pereira;Fone de Ouvido Sony;Fred Belt;masculino;cartão de crédito
2026-07-18 00:14:10.536610;1612;Florianópolis;Tiago Lima;Notebook Dell Inspiron;Robert May;masculino;cartão de crédito
2026-07-18 19:12:12.518731;1613;Belo Horizonte;Carlos Silva;Notebook Dell Inspiron;David Bramble;masculino;boleto
2026-07-18 20:02:09.811327;1614;Porto Alegre;Mariana Gomes;Smartwatch Garmin;Jackie Barnes;masculino;dinheiro
2026-07-18 20:07:08.670946;1615;São Paulo;Ana Oliveira;Smartwatch Garmin;Claire Mckenney;feminino;dinheiro
2026-07-19 00:08:13.644621;1616;Porto Alegre;Roberto Ferreira;Smartwatch Garmin;Ruben Moyer;masculino;cartão de crédito
2026-07-19 20:26:10.208087;1617;Rio de Janeiro;Pedro Souza;Notebook Dell Inspiron;Marilyn Moyer;feminino;cartão de crédito
2026-07-19 20:51:12.988711;1618;Florianópolis;Gabriela Santos;Smartphone Samsung Galaxy;Christina Hobbs;feminino;boleto
2026-07-19 21:31:13.163764;1619;São Paulo;Lucas Pereira;Tablet Apple Ipad;Gregory Rice;masculino;pix
2026-07-19 23:24:10.555826;1620;São Paulo;Lucas Pereira;Fone de Ouvido Sony;Mark Fulton;masculino;boleto
2026-07-19 23:32:07.561450;1621;Porto Alegre;Mariana Gomes;Smartphone Samsung Galaxy;April Thomas;feminino;pix
2026-07-20 04:51:11.120793;1622;Rio de Janeiro;Pedro Souza;Fone de Ouvido Sony;Michael Sanders;masculino;pix
2026-07-20 05:32:11.539228;1623;Belo Horizonte;Fernanda Costa;Fone de Ouvido Sony;Robert Roane;masculino;dinheiro
2026-07-20 20:59:07.820559;1624;Florianópolis;Tiago Lima;Smartwatch Garmin;Maryann Alix;feminino;cartão de crédito
2026-07-20 21:24:09.644590;1625;Florianópolis;Tiago Lima;Fone de Ouvido Sony;Tiffany Fussell;feminino;boleto
2026-07-20 23:11:13.930762;1626;Florianópolis;Tiago Lima;Smartwatch Garmin;Jimmy Looper;masculino;pix
2026-07-21 00:09:06.936798;1627;São Paulo;Ana Oliveira;Smartphone Samsung Galaxy;Christopher Corlew;masculino;cartão de crédito
2026-07-21 03:38:14.239055;1628;Belo Horizonte;Carlos Silva;Tablet Apple Ipad;Myra Hoffman;feminino;boleto
2026-07-21 21:43:09.756028;1629;Rio de Janeiro;Juliana Almeida;Smartphone Samsung Galaxy;Samantha Tricarico;feminino;dinheiro
2026-07-22 00:05:13.336649;1630;São Paulo;Ana Oliveira;Smartphone Samsung Galaxy;Carl Jordan;masculino;dinheiro
2026-07-22 21:12:04.743328;1631;São Paulo;Lucas Pereira;Smartwatch Garmin;Amanda Jones;feminino;dinheiro
2026-07-23 00:26:10.999709;1632;Porto Alegre;Mariana Gomes;Smartwatch Garmin;John Cox;masculino;dinheiro
2026-07-23 00:51:09.181664;1633;Rio de Janeiro;Pedro Souza;Notebook Dell Inspiron;Thomas Fralin;masculino;dinheiro
2026-07-23 02:30:13.691852;1634;São Paulo;Lucas Pereira;Smartwatch Garmin;Irene Rizo;feminino;dinheiro
2026-07-23 20:51:07.447291;1635;Porto Alegre;Mariana Gomes;Smartwatch Garmin;Sue Monteith;feminino;boleto
2026-07-23 21:09:12.588254;1636;Porto Alegre;Roberto Ferreira;Fone de Ouvido Sony;Billie Mccloy;masculino;boleto
2026-07-23 21:55:08.092397;1637;São Paulo;Lucas Pereira;Smartwatch Garmin;Alicia Hernandez;feminino;cartão de crédito
2026-07-24 01:34:11.999502;1638;Porto Alegre;Mariana Gomes;Tablet Apple Ipad;Leslie Lora;feminino;cartão de crédito
2026-07-24 05:29:07.965327;1639;Porto Alegre;Mariana Gomes;Tablet Apple Ipad;Paulina Frautschi;feminino;dinheiro
2026-07-24 21:06:11.965830;1640;Porto Alegre;Mariana Gomes;Tablet Apple Ipad;Forest Ferrell;masculino;dinheiro
2026-07-24 23:50:13.095385;1641;São Paulo;Ana Oliveira;Smartwatch Garmin;Ronnie Ping;masculino;boleto
2026-07-25 05:11:04.744015;1642;São Paulo;Lucas Pereira;Smartphone Samsung Galaxy;Cindy Olson;feminino;boleto
2026-07-25 05:17:08.458074;1643;Florianópolis;Gabriela Santos;Tablet Apple Ipad;Molly Ross;feminino;boleto
2026-07-25 20:52:08.325938;1644;Rio de Janeiro;Juliana Almeida;Fone de Ouvido Sony;Albert Brandt;masculino;dinheiro
2026-07-25 20:59:12.847013;1645;Rio de Janeiro;Pedro Souza;Tablet Apple Ipad;George Howard;masculino;pix
2026-07-25 21:14:08.483837;1646;Porto Alegre;Mariana Gomes;Tablet Apple Ipad;Adolph Beatty;masculino;cartão de crédito
2026-07-25 22:04:05.628347;1647;São Paulo;Ana Oliveira;Tablet Apple Ipad;Patricia Luhn;feminino;dinheiro
2026-07-25 22:05:13.340304;1648;Belo Horizonte;Carlos Silva;Fone de Ouvido Sony;John Rhodes;masculino;cartão de crédito
2026-07-26 01:34:10.510465;1649;Florianópolis;Tiago Lima;Fone de Ouvido Sony;Bernetta Hudson;feminino;dinheiro
2026-07-26 21:47:11.398202;1650;Porto Alegre;Roberto Ferreira;Smartwatch Garmin;Essie Harvey;feminino;cartão de crédito
2026-07-26 21:55:07.198183;1651;Rio de Janeiro;Pedro Souza;Notebook Dell Inspiron;Zachary Singletary;masculino;pix
2026-07-27 01:13:10.192666;1652;São Paulo;Ana Oliveira;Notebook Dell Inspiron;Michael Johnson;masculino;pix
2026-07-27 01:28:05.493982;1653;São Paulo;Lucas Pereira;Smartphone Samsung Galaxy;Richard Garza;masculino;boleto
2026-07-27 02:03:10.594773;1654;Florianópolis;Tiago Lima;Smartwatch Garmin;Michael Carroll;masculino;boleto
2026-07-27 02:06:09.811773;1655;Florianópolis;Gabriela Santos;Tablet Apple Ipad;Sarah Doughty;feminino;cartão de crédito
2026-07-27 05:12:11.740728;1656;Porto Alegre;Roberto Ferreira;Fone de Ouvido Sony;Kristin Ali;feminino;boleto
2026-07-27 05:20:05.076958;1657;São Paulo;Ana Oliveira;Smartwatch Garmin;Roger Gile;masculino;boleto
2026-07-27 20:41:10.160315;1658;Rio de Janeiro;Pedro Souza;Smartphone Samsung Galaxy;Daniel Twyman;masculino;pix
2026-07-27 21:16:13.559348;1659;Belo Horizonte;Carlos Silva;Notebook Dell Inspiron;Larry Speights;masculino;dinheiro
2026-07-28 23:12:13.963002;1660;Florianópolis;Tiago Lima;Smartphone Samsung Galaxy;Eileen Whittle;feminino;pix
2026-07-29 02:25:07.203970;1661;Florianópolis;Gabriela Santos;Tablet Apple Ipad;Elizabeth Legg;feminino;dinheiro
2026-07-29 05:44:10.763273;1662;Belo Horizonte;Carlos Silva;Smartwatch Garmin;Sunshine Jozwick;feminino;pix
2026-07-29 05:52:09.309192;1663;Rio de Janeiro;Pedro Souza;Smartwatch Garmin;Jennifer Campos;feminino;pix
2026-07-30 00:00:10.614474;1664;Porto Alegre;Mariana Gomes;Tablet Apple Ipad;Judith Warner;feminino;cartão de crédito
2026-07-30 01:10:11.057220;1665;Rio de Janeiro;Juliana Almeida;Notebook Dell Inspiron;David Mcclung;masculino;cartão de crédito
2026-07-30 05:18:13.141891;1666;Porto Alegre;Roberto Ferreira;Smartphone Samsung Galaxy;Michael Muhammad;masculino;pix
2026-07-30 19:22:10.854488;1667;Belo Horizonte;Fernanda Costa;Smartwatch Garmin;Melvin Cumiskey;masculino;pix
2026-07-30 21:21:06.371143;1668;Belo Horizonte;Carlos Silva;Notebook Dell Inspiron;Ellamae Castellanos;feminino;boleto
2026-07-30 21:55:08.669988;1669;São Paulo;Ana Oliveira;Smartphone Samsung Galaxy;Rudy Wyatt;masculino;cartão de crédito
2026-07-30 22:06:13.653352;1670;Porto Alegre;Mariana Gomes;Smartphone Samsung Galaxy;Carl Baxter;masculino;pix
2026-07-30 23:02:10.048447;1671;Belo Horizonte;Fernanda Costa;Tablet Apple Ipad;Jose Cabrales;masculino;pix
2026-07-30 23:47:12.875719;1672;Porto Alegre;Mariana Gomes;Smartphone Samsung Galaxy;Colin Martinez;masculino;dinheiro
2026-07-31 05:10:13.965224;1673;Rio de Janeiro;Juliana Almeida;Smartphone Samsung Galaxy;Alma Joyner;feminino;cartão de crédito
2026-07-31 23:40:10.364912;1674;Florianópolis;Gabriela Santos;Smartwatch Garmin;Judith Gilbert;feminino;dinheiro
2026-08-01 03:06:08.179361;1675;Porto Alegre;Roberto Ferreira;Smartphone Samsung Galaxy;Patricia Kofford;feminino;pix
2026-08-01 05:21:06.948540;1676;Florianópolis;Tiago Lima;Tablet Apple Ipad;Kenneth Mccarty;masculino;cartão de crédito
2026-08-02 04:40:11.118082;1677;Rio de Janeiro;Pedro Souza;Smartphone Samsung Galaxy;Kesha Kelly;feminino;boleto
2026-08-02 18:59:09.755652;1678;Porto Alegre;Mariana Gomes;Smartphone Samsung Galaxy;Richard Lowe;masculino;dinheiro
2026-08-02 20:15:11.624392;1679;Porto Alegre;Mariana Gomes;Smartwatch Garmin;Tammy Gauthier;feminino;dinheiro
2026-08-02 21:15:12.349487;1680;Belo Horizonte;Fernanda Costa;Smartphone Samsung Galaxy;Andrea Mcgahey;feminino;cartão de crédito
2026-08-03 00:48:09.545783;1681;São Paulo;Ana Oliveira;Tablet Apple Ipad;Terry Fennel;masculino;pix
2026-08-03 04:37:14.394684;1682;Belo Horizonte;Fernanda Costa;Notebook Dell Inspiron;Jeffrey Turcotte;masculino;boleto
2026-08-03 20:36:13.314201;1683;Porto Alegre;Roberto Ferreira;Smartwatch Garmin;Vera Kelling;feminino;cartão de crédito
2026-08-03 23:54:08.718053;1684;Porto Alegre;Roberto Ferreira;Notebook Dell Inspiron;Donald Bruce;masculino;boleto
2026-08-04 00:31:10.340375;1685;Rio de Janeiro;Pedro Souza;Smartphone Samsung Galaxy;Jerry Smith;masculino;boleto
2026-08-04 01:44:09.114652;1686;Belo Horizonte;Fernanda Costa;Smartphone Samsung Galaxy;Maria Rhodes;feminino;pix
2026-08-04 01:46:05.476318;1687;São Paulo;Ana Oliveira;Smartphone Samsung Galaxy;Melanie Bowe;feminino;pix
2026-08-04 02:25:10.742924;1688;Florianópolis;Tiago Lima;Tablet Apple Ipad;Diana Ragsdale;feminino;pix
2026-08-04 05:03:14.237263;1689;São Paulo;Lucas Pereira;Tablet Apple Ipad;Rudy Johnson;masculino;dinheiro
2026-08-04 05:23:13.653761;1690;Porto Alegre;Roberto Ferreira;Smartphone Samsung Galaxy;Roy Williams;masculino;pix
2026-08-04 18:58:12.780518;1691;São Paulo;Ana Oliveira;Notebook Dell Inspiron;Randy Davis;masculino;boleto
2026-08-04 19:30:05.904334;1692;Belo Horizonte;Fernanda Costa;Notebook Dell Inspiron;Heidi Bush;feminino;cartão de crédito
2026-08-04 20:46:06.566107;1693;Belo Horizonte;Fernanda Costa;Fone de Ouvido Sony;Christine Gary;feminino;cartão de crédito
2026-08-04 21:26:12.854565;1694;Florianópolis;Tiago Lima;Notebook Dell Inspiron;Steve Pace;masculino;pix
2026-08-05 00:10:13.972801;1695;São Paulo;Ana Oliveira;Tablet Apple Ipad;Daniel Yepez;masculino;boleto
2026-08-05 00:43:07.955495;1696;Porto Alegre;Mariana Gomes;Fone de Ouvido Sony;Kip Orosco;masculino;pix
2026-08-05 01:56:10.143479;1697;Belo Horizonte;Fernanda Costa;Fone de Ouvido Sony;Steven Hardman;masculino;pix
2026-08-05 03:54:12.409808;1698;Florianópolis;Tiago Lima;Fone de Ouvido Sony;Carolyn Ewing;feminino;cartão de crédito
2026-08-05 04:15:10.193834;1699;Porto Alegre;Roberto Ferreira;Fone de Ouvido Sony;James Bonneau;masculino;pix
2026-08-05 05:10:05.075364;1700;Belo Horizonte;Carlos Silva;Fone de Ouvido Sony;Alexandra Hightower;feminino;cartão de crédito
2026-08-05 19:58:10.447143;1701;Belo Horizonte;Fernanda Costa;Fone de Ouvido Sony;Lucius Skeen;masculino;boleto
2026-08-05 20:58:05.595300;1702;Rio de Janeiro;Juliana Almeida;Smartwatch Garmin;William Gully;masculino;pix
2026-08-05 21:03:11.718483;1703;Belo Horizonte;Fernanda Costa;Notebook Dell Inspiron;David Trice;masculino;cartão de crédito
2026-08-05 21:06:12.091104;1704;Rio de Janeiro;Juliana Almeida;Tablet Apple Ipad;Linda Nelson;feminino;boleto
2026-08-05 22:57:08.079967;1705;Florianópolis;Gabriela Santos;Fone de Ouvido Sony;Elena Milton;feminino;dinheiro
2026-08-06 03:20:05.547939;1706;Florianópolis;Gabriela Santos;Notebook Dell Inspiron;Marcia Canfield;feminino;pix
2026-08-06 03:30:05.814550;1707;Rio de Janeiro;Juliana Almeida;Tablet Apple Ipad;Ronald Ladd;masculino;pix
2026-08-06 05:01:09.375572;1708;Porto Alegre;Mariana Gomes;Smartphone Samsung Galaxy;Maria Leone;feminino;dinheiro
2026-08-06 20:24:05.254016;1709;Rio de Janeiro;Pedro Souza;Smartwatch Garmin;David Rodriguez;masculino;dinheiro
2026-08-06 22:05:11.693727;1710;Porto Alegre;Mariana Gomes;Smartwatch Garmin;Jeffrey Keaton;masculino;cartão de crédito
2026-08-06 23:05:14.279257;1711;Belo Horizonte;Carlos Silva;Smartwatch Garmin;Walter Tackett;masculino;pix
2026-08-07 01:24:13.458141;1712;Belo Horizonte;Carlos Silva;Smartwatch Garmin;Carl Hunter;masculino;cartão de crédito
2026-08-07 01:49:12.205262;1713;Belo Horizonte;Fernanda Costa;Fone de Ouvido Sony;Kenneth Mccoy;masculino;dinheiro
2026-08-07 02:33:08.128413;1714;Rio de Janeiro;Juliana Almeida;Notebook Dell Inspiron;Mark Miller;masculino;cartão de crédito
2026-08-07 03:06:13.937578;1715;Porto Alegre;Mariana Gomes;Fone de Ouvido Sony;Margaret Johnson;feminino;boleto
2026-08-07 04:41:12.989289;1716;Florianópolis;Tiago Lima;Smartwatch Garmin;Chrystal Dunn;feminino;cartão de crédito
2026-08-07 19:48:10.535569;1717;Florianópolis;Gabriela Santos;Smartphone Samsung Galaxy;Roy Hoffman;masculino;boleto
2026-08-07 21:04:08.290678;1718;Florianópolis;Tiago Lima;Smartwatch Garmin;Dorothy Wammack;feminino;cartão de crédito
2026-08-07 22:40:11.648232;1719;Rio de Janeiro;Juliana Almeida;Smartwatch Garmin;Linda Kuechler;feminino;dinheiro
2026-08-07 23:21:09.558685;1720;Porto Alegre;Mariana Gomes;Notebook Dell Inspiron;Sheryl Tovar;feminino;dinheiro
2026-08-08 00:08:09.942725;1721;Porto Alegre;Mariana Gomes;Smartwatch Garmin;Guadalupe Wang;feminino;boleto
2026-08-08 01:01:06.339296;1722;Rio de Janeiro;Juliana Almeida;Smartphone Samsung Galaxy;Cedric Guiles;masculino;pix
2026-08-08 01:11:07.303555;1723;São Paulo;Lucas Pereira;Fone de Ouvido Sony;Mary Smith;feminino;dinheiro
2026-08-08 04:32:06.450926;1724;Rio de Janeiro;Pedro Souza;Smartwatch Garmin;Paula Chapman;feminino;boleto
2026-08-08 20:48:07.777922;1725;Porto Alegre;Mariana Gomes;Tablet Apple Ipad;Krista Mcpherson;feminino;pix
2026-08-09 01:44:08.970182;1726;São Paulo;Ana Oliveira;Tablet Apple Ipad;Dana Hughes;feminino;pix
2026-08-09 02:23:11.963995;1727;Florianópolis;Tiago Lima;Notebook Dell Inspiron;Alton Schuler;masculino;dinheiro
2026-08-09 02:55:10.206368;1728;São Paulo;Ana Oliveira;Fone de Ouvido Sony;Kent Taylor;masculino;pix
2026-08-09 03:44:12.317003;1729;Belo Horizonte;Fernanda Costa;Tablet Apple Ipad;Steven Ray;masculino;dinheiro
2026-08-09 03:47:13.929426;1730;Florianópolis;Tiago Lima;Smartwatch Garmin;Clayton Richmond;masculino;dinheiro
2026-08-09 22:11:09.934858;1731;Florianópolis;Tiago Lima;Tablet Apple Ipad;Mary Poarch;feminino;pix
2026-08-10 00:33:09.127535;1732;Porto Alegre;Mariana Gomes;Smartwatch Garmin;Dennis Kirkwood;masculino;boleto
2026-08-10 00:43:10.400862;1733;Florianópolis;Tiago Lima;Tablet Apple Ipad;Sandra Ivy;feminino;cartão de crédito
2026-08-10 01:53:09.446185;1734;São Paulo;Ana Oliveira;Tablet Apple Ipad;Joseph Kinney;masculino;cartão de crédito
2026-08-10 21:16:04.939265;1735;São Paulo;Ana Oliveira;Tablet Apple Ipad;Margret Shivers;feminino;dinheiro
2026-08-11 01:49:06.051909;1736;São Paulo;Lucas Pereira;Tablet Apple Ipad;David Hutchinson;masculino;pix
2026-08-11 04:01:12.115888;1737;Florianópolis;Gabriela Santos;Smartwatch Garmin;Gary Ruth;masculino;boleto
2026-08-11 05:54:11.129312;1738;Florianópolis;Gabriela Santos;Smartphone Samsung Galaxy;William Johnson;masculino;cartão de crédito
2026-08-11 20:39:08.785467;1739;São Paulo;Ana Oliveira;Notebook Dell Inspiron;Thomas Hooker;masculino;dinheiro
2026-08-11 22:13:09.079639;1740;Belo Horizonte;Carlos Silva;Smartwatch Garmin;Omar Roberts;masculino;pix
2026-08-12 01:35:12.839429;1741;São Paulo;Ana Oliveira;Fone de Ouvido Sony;Tyler Hernandez;masculino;pix
2026-08-12 03:59:11.744506;1742;Porto Alegre;Mariana Gomes;Fone de Ouvido Sony;Tim Johnson;masculino;cartão de crédito
2026-08-12 05:31:05.344856;1743;Belo Horizonte;Carlos Silva;Tablet Apple Ipad;Jerry Moran;masculino;dinheiro
2026-08-12 21:36:13.197568;1744;Porto Alegre;Mariana Gomes;Smartphone Samsung Galaxy;Wesley Farrell;masculino;dinheiro
2026-08-12 23:47:12.167311;1745;Florianópolis;Gabriela Santos;Fone de Ouvido Sony;Donald Graham;masculino;cartão de crédito
2026-08-13 00:04:09.308243;1746;Florianópolis;Gabriela Santos;Fone de Ouvido Sony;Leo Taylor;masculino;boleto
2026-08-13 00:31:11.119100;1747;São Paulo;Ana Oliveira;Smartphone Samsung Galaxy;Earl Palmer;masculino;cartão de crédito
2026-08-13 01:38:12.205574;1748;Rio de Janeiro;Juliana Almeida;Smartwatch Garmin;Maria Buckner;feminino;pix
2026-08-13 03:42:11.069841;1749;Florianópolis;Tiago Lima;Fone de Ouvido Sony;Alysha Braaten;feminino;dinheiro
2026-08-13 20:32:05.777302;1750;Porto Alegre;Roberto Ferreira;Smartphone Samsung Galaxy;Fay Barker;feminino;dinheiro
2026-08-13 21:11:11.119426;1751;Belo Horizonte;Fernanda Costa;Tablet Apple Ipad;Louise Jackson;feminino;pix
2026-08-14 00:46:10.791336;1752;Florianópolis;Tiago Lima;Fone de Ouvido Sony;Raymond Tibbits;masculino;boleto
2026-08-14 01:38:11.741983;1753;São Paulo;Lucas Pereira;Smartwatch Garmin;Caroline Abbott;feminino;dinheiro
2026-08-14 19:20:07.001328;1754;Rio de Janeiro;Pedro Souza;Smartphone Samsung Galaxy;Le Johansen;feminino;cartão de crédito
2026-08-14 20:37:12.363138;1755;Florianópolis;Tiago Lima;Tablet Apple Ipad;Gregory Aspinall;masculino;cartão de crédito
2026-08-14 20:51:06.062402;1756;São Paulo;Lucas Pereira;Notebook Dell Inspiron;Andrew Welch;masculino;boleto
2026-08-15 01:06:07.669817;1757;São Paulo;Lucas Pereira;Fone de Ouvido Sony;Melissa Mcdaniel;feminino;pix
2026-08-15 01:19:12.876114;1758;Rio de Janeiro;Pedro Souza;Fone de Ouvido Sony;Lauryn Baca;feminino;dinheiro
2026-08-15 05:26:12.968317;1759;Florianópolis;Gabriela Santos;Fone de Ouvido Sony;Gretchen Hernandez;feminino;dinheiro
2026-08-16 01:13:09.510354;1760;Porto Alegre;Mariana Gomes;Smartphone Samsung Galaxy;Shannon East;feminino;cartão de crédito
2026-08-16 01:37:05.812588;1761;Belo Horizonte;Carlos Silva;Notebook Dell Inspiron;Ruth Renfro;feminino;dinheiro
2026-08-16 02:49:08.961466;1762;Porto Alegre;Mariana Gomes;Smartphone Samsung Galaxy;Gary Chambers;masculino;boleto
2026-08-16 04:13:13.551610;1763;Belo Horizonte;Fernanda Costa;Tablet Apple Ipad;Sara Gunther;feminino;boleto
2026-08-16 04:40:10.110544;1764;Belo Horizonte;Fernanda Costa;Smartphone Samsung Galaxy;James Spring;masculino;dinheiro
2026-08-16 05:48:09.217485;1765;Belo Horizonte;Carlos Silva;Fone de Ouvido Sony;Hannelore Williams;feminino;boleto
2026-08-16 19:55:05.588884;1766;São Paulo;Ana Oliveira;Fone de Ouvido Sony;Judy Leith;feminino;pix
2026-08-16 22:55:12.170356;1767;Porto Alegre;Mariana Gomes;Smartwatch Garmin;Richard Vargas;masculino;cartão de crédito
2026-08-16 23:38:13.695571;1768;Florianópolis;Tiago Lima;Smartwatch Garmin;Richard Singleton;masculino;pix
2026-08-16 23:53:11.495424;1769;Porto Alegre;Roberto Ferreira;Smartphone Samsung Galaxy;John Cumberbatch;masculino;cartão de crédito
2026-08-17 02:13:13.656152;1770;Porto Alegre;Mariana Gomes;Fone de Ouvido Sony;Leonard Blanco;masculino;cartão de crédito
2026-08-17 02:21:14.159814;1771;Florianópolis;Gabriela Santos;Smartwatch Garmin;Lisa Hamm;feminino;dinheiro
2026-08-18 01:35:12.991192;1772;Belo Horizonte;Carlos Silva;Fone de Ouvido Sony;Glenda Robinette;feminino;boleto
2026-08-18 03:29:10.215606;1773;Porto Alegre;Roberto Ferreira;Tablet Apple Ipad;Darlene Wires;feminino;pix
2026-08-18 22:20:07.060629;1774;Florianópolis;Gabriela Santos;Smartwatch Garmin;Charles Rice;masculino;dinheiro
2026-08-19 03:42:13.137640;1775;Florianópolis;Gabriela Santos;Fone de Ouvido Sony;Gerald Scott;masculino;dinheiro
2026-08-19 04:22:10.675890;1776;Porto Alegre;Roberto Ferreira;Notebook Dell Inspiron;Iris Oflaherty;feminino;pix
2026-08-19 20:17:07.904259;1777;Rio de Janeiro;Pedro Souza;Smartwatch Garmin;Aaron Wang;masculino;dinheiro
2026-08-19 23:00:08.321726;1778;São Paulo;Ana Oliveira;Tablet Apple Ipad;James Hearn;masculino;boleto
2026-08-20 02:15:11.695775;1779;Belo Horizonte;Fernanda Costa;Notebook Dell Inspiron;Lucille Robbins;feminino;cartão de crédito
2026-08-20 03:37:07.789597;1780;Florianópolis;Tiago Lima;Notebook Dell Inspiron;Matthew Corbett;masculino;dinheiro
2026-08-20 04:52:11.101924;1781;Florianópolis;Gabriela Santos;Fone de Ouvido Sony;Daniel Huber;masculino;pix
2026-08-20 05:12:14.010567;1782;São Paulo;Ana Oliveira;Tablet Apple Ipad;Cody Cornett;masculino;boleto
2026-08-20 05:27:13.294622;1783;Florianópolis;Gabriela Santos;Notebook Dell Inspiron;Robert Weir;masculino;dinheiro
2026-08-20 20:04:14.052455;1784;Rio de Janeiro;Juliana Almeida;Smartphone Samsung Galaxy;Mary Williams;feminino;cartão de crédito
2026-08-20 23:04:05.533732;1785;Porto Alegre;Mariana Gomes;Tablet Apple Ipad;Robin Hubbard;feminino;cartão de crédito
2026-08-21 02:11:10.208891;1786;Florianópolis;Gabriela Santos;Smartwatch Garmin;Adan Davis;masculino;dinheiro
2026-08-21 04:11:11.319625;1787;Porto Alegre;Mariana Gomes;Fone de Ouvido Sony;Anita Cross;feminino;boleto
2026-08-21 19:18:12.870338;1788;São Paulo;Lucas Pereira;Notebook Dell Inspiron;Francis Abraham;masculino;cartão de crédito
2026-08-21 22:18:09.643162;1789;Rio de Janeiro;Pedro Souza;Fone de Ouvido Sony;Chelsea Lachance;feminino;cartão de crédito
2026-08-21 23:48:08.423215;1790;Rio de Janeiro;Pedro Souza;Fone de Ouvido Sony;Kimberly Akins;feminino;cartão de crédito
2026-08-22 02:31:09.099148;1791;Rio de Janeiro;Pedro Souza;Tablet Apple Ipad;John Troublefield;masculino;dinheiro
2026-08-22 03:06:13.798459;1792;Rio de Janeiro;Juliana Almeida;Smartwatch Garmin;Jason Chin;masculino;pix
2026-08-22 05:30:10.206057;1793;Porto Alegre;Roberto Ferreira;Tablet Apple Ipad;Robert Bishop;masculino;dinheiro
2026-08-22 20:29:07.708382;1794;Porto Alegre;Roberto Ferreira;Tablet Apple Ipad;Joanne Addams;feminino;cartão de crédito
2026-08-22 21:51:12.781308;1795;Belo Horizonte;Fernanda Costa;Tablet Apple Ipad;Michael Hall;masculino;dinheiro
2026-08-23 00:17:08.126344;1796;Florianópolis;Tiago Lima;Smartwatch Garmin;Craig Gordon;masculino;pix
2026-08-23 01:28:11.299024;1797;Rio de Janeiro;Pedro Souza;Fone de Ouvido Sony;Michael Barnes;masculino;pix
2026-08-23 19:31:12.047960;1798;Belo Horizonte;Carlos Silva;Notebook Dell Inspiron;Alfred Remmick;masculino;pix
2026-08-23 21:04:10.206732;1799;Florianópolis;Gabriela Santos;Tablet Apple Ipad;Victoria Duffy;feminino;boleto
2026-08-23 21:49:09.113100;1800;Rio de Janeiro;Pedro Souza;Notebook Dell Inspiron;Richard Rudd;masculino;boleto
2026-08-23 23:15:10.911182;1801;Florianópolis;Tiago Lima;Notebook Dell Inspiron;Graham Baker;masculino;pix
2026-08-24 00:17:08.485200;1802;Rio de Janeiro;Pedro Souza;Tablet Apple Ipad;Albert Salgado;masculino;boleto
2026-08-24 05:39:07.091171;1803;São Paulo;Ana Oliveira;Tablet Apple Ipad;Christine Fuller;feminino;cartão de crédito
2026-08-24 22:54:08.711108;1804;Belo Horizonte;Carlos Silva;Smartwatch Garmin;Rita Williams;feminino;pix
2026-08-25 02:33:05.253616;1805;Belo Horizonte;Fernanda Costa;Smartwatch Garmin;Edward Gilbert;masculino;boleto
2026-08-25 02:57:13.470240;1806;Porto Alegre;Roberto Ferreira;Fone de Ouvido Sony;Ashley Karlin;feminino;boleto
2026-08-25 03:44:08.668060;1807;Belo Horizonte;Fernanda Costa;Smartphone Samsung Galaxy;Crystal Jones;feminino;cartão de crédito
2026-08-25 20:22:12.847515;1808;São Paulo;Lucas Pereira;Smartwatch Garmin;Donald Nelson;masculino;cartão de crédito
2026-08-25 21:36:13.937804;1809;Florianópolis;Tiago Lima;Fone de Ouvido Sony;Jodi Carrillo;feminino;cartão de crédito
2026-08-25 21:50:09.830608;1810;Belo Horizonte;Fernanda Costa;Smartwatch Garmin;Kelly Campbell;feminino;boleto
2026-08-26 00:44:09.366414;1811;Florianópolis;Gabriela Santos;Smartphone Samsung Galaxy;Sean Martinez;masculino;cartão de crédito
2026-08-26 04:19:11.493243;1812;Rio de Janeiro;Pedro Souza;Tablet Apple Ipad;Elizabeth Mathews;feminino;dinheiro
2026-08-26 04:57:09.856351;1813;Florianópolis;Tiago Lima;Notebook Dell Inspiron;John Arnold;masculino;cartão de crédito
2026-08-26 20:06:12.816552;1814;São Paulo;Lucas Pereira;Tablet Apple Ipad;Cheryl Miosky;feminino;cartão de crédito
2026-08-26 21:04:08.131409;1815;Porto Alegre;Roberto Ferreira;Smartwatch Garmin;Travis Hines;masculino;cartão de crédito
2026-08-26 21:05:10.614900;1816;Belo Horizonte;Carlos Silva;Notebook Dell Inspiron;Edgar Williams;masculino;pix
2026-08-26 23:44:11.345125;1817;Florianópolis;Tiago Lima;Smartphone Samsung Galaxy;Rosie Neumeyer;feminino;cartão de crédito
2026-08-27 00:11:14.255787;1818;Florianópolis;Gabriela Santos;Tablet Apple Ipad;Richard Teel;masculino;dinheiro
2026-08-27 05:03:12.699662;1819;Florianópolis;Gabriela Santos;Fone de Ouvido Sony;Sherry Zullo;feminino;pix
2026-08-27 05:19:13.191678;1820;Porto Alegre;Mariana Gomes;Fone de Ouvido Sony;Andy Hadden;masculino;dinheiro
2026-08-27 21:57:13.646804;1821;Porto Alegre;Roberto Ferreira;Smartwatch Garmin;Nancy Hirth;feminino;boleto
2026-08-27 23:05:07.453015;1822;Porto Alegre;Roberto Ferreira;Tablet Apple Ipad;William Arterberry;masculino;boleto
2026-08-28 01:29:07.799807;1823;Florianópolis;Gabriela Santos;Notebook Dell Inspiron;Michael Butler;masculino;pix
2026-08-28 01:29:09.830877;1824;Porto Alegre;Mariana Gomes;Tablet Apple Ipad;Laura Salls;feminino;boleto
2026-08-28 02:08:13.101873;1825;São Paulo;Ana Oliveira;Smartwatch Garmin;Natalie Lowery;feminino;dinheiro
2026-08-28 02:19:13.164071;1826;São Paulo;Lucas Pereira;Smartphone Samsung Galaxy;James Lee;masculino;boleto
2026-08-28 02:46:05.281547;1827;Rio de Janeiro;Pedro Souza;Fone de Ouvido Sony;Josephine Smith;feminino;dinheiro
2026-08-28 20:04:08.888624;1828;Porto Alegre;Roberto Ferreira;Smartwatch Garmin;Cindy Martinez;feminino;dinheiro
2026-08-28 22:37:06.841107;1829;Porto Alegre;Roberto Ferreira;Fone de Ouvido Sony;Dora Ramsey;feminino;pix
2026-08-29 00:58:13.654405;1830;Florianópolis;Gabriela Santos;Tablet Apple Ipad;Jean Walker;feminino;cartão de crédito
2026-08-29 01:18:09.933533;1831;São Paulo;Lucas Pereira;Notebook Dell Inspiron;Kyle Vaughan;masculino;cartão de crédito
2026-08-29 03:01:06.383197;1832;Porto Alegre;Roberto Ferreira;Smartwatch Garmin;Concetta Hall;feminino;pix
2026-08-29 18:58:11.774739;1833;São Paulo;Lucas Pereira;Notebook Dell Inspiron;Matthew Covington;masculino;dinheiro
2026-08-29 19:12:08.014453;1834;Porto Alegre;Mariana Gomes;Fone de Ouvido Sony;Lori Olsson;feminino;dinheiro
2026-08-29 23:31:10.714475;1835;Rio de Janeiro;Pedro Souza;Fone de Ouvido Sony;Steven Glass;masculino;boleto
2026-08-29 23:36:05.717084;1836;Florianópolis;Tiago Lima;Smartwatch Garmin;Scott Allan;masculino;boleto
2026-08-30 01:25:06.751455;1837;São Paulo;Ana Oliveira;Tablet Apple Ipad;Frances Blough;feminino;cartão de crédito
2026-08-30 01:44:06.429355;1838;Porto Alegre;Mariana Gomes;Notebook Dell Inspiron;Roseann Peterson;feminino;boleto
2026-08-30 01:51:07.054354;1839;Florianópolis;Gabriela Santos;Smartwatch Garmin;Dovie Frank;feminino;cartão de crédito
2026-08-30 05:05:09.114369;1840;São Paulo;Lucas Pereira;Tablet Apple Ipad;James Murphy;masculino;dinheiro
2026-08-30 20:32:06.867962;1841;Porto Alegre;Mariana Gomes;Smartphone Samsung Galaxy;Duane Kennedy;masculino;pix
2026-08-30 23:21:08.162210;1842;São Paulo;Lucas Pereira;Smartwatch Garmin;Donna Griffin;feminino;dinheiro
2026-08-31 00:19:13.763581;1843;Rio de Janeiro;Juliana Almeida;Smartphone Samsung Galaxy;Kevin Carlton;masculino;cartão de crédito
2026-08-31 01:02:12.324490;1844;Rio de Janeiro;Pedro Souza;Smartwatch Garmin;Maria Kryder;feminino;dinheiro
2026-08-31 21:37:10.379407;1845;São Paulo;Lucas Pereira;Fone de Ouvido Sony;David Swank;masculino;cartão de crédito
2026-08-31 23:46:05.844723;1846;Florianópolis;Gabriela Santos;Tablet Apple Ipad;Kenneth Suzuki;masculino;pix
2026-09-01 03:55:08.451126;1847;São Paulo;Lucas Pereira;Notebook Dell Inspiron;Erika Walters;feminino;dinheiro
2026-09-01 05:05:13.696329;1848;Florianópolis;Tiago Lima;Smartphone Samsung Galaxy;Marlon Ford;masculino;pix
2026-09-01 19:13:13.163457;1849;Porto Alegre;Mariana Gomes;Smartwatch Garmin;Anthony Olson;masculino;cartão de crédito
2026-09-01 23:05:13.762760;1850;Rio de Janeiro;Juliana Almeida;Tablet Apple Ipad;Rachel Foreman;feminino;pix
2026-09-02 01:49:06.084301;1851;Porto Alegre;Mariana Gomes;Smartphone Samsung Galaxy;Robert Ramsey;masculino;boleto
2026-09-02 03:10:11.720680;1852;Porto Alegre;Mariana Gomes;Tablet Apple Ipad;Lilly Robertson;feminino;pix
2026-09-02 05:18:12.198154;1853;Florianópolis;Tiago Lima;Smartphone Samsung Galaxy;William Overbey;masculino;boleto
2026-09-02 19:08:09.538703;1854;Belo Horizonte;Fernanda Costa;Fone de Ouvido Sony;Mary Espinosa;feminino;dinheiro
2026-09-02 19:23:08.577055;1855;São Paulo;Ana Oliveira;Tablet Apple Ipad;Stephen Satterfield;masculino;pix
2026-09-02 21:42:04.997599;1856;São Paulo;Ana Oliveira;Smartphone Samsung Galaxy;James Wright;masculino;pix
2026-09-02 21:51:13.445043;1857;Rio de Janeiro;Juliana Almeida;Smartphone Samsung Galaxy;Derrick Cook;masculino;boleto
2026-09-02 23:42:08.970948;1858;São Paulo;Lucas Pereira;Smartwatch Garmin;Joseph Ramos;masculino;boleto
2026-09-03 00:06:12.425592;1859;Belo Horizonte;Carlos Silva;Notebook Dell Inspiron;Leonard Donelson;masculino;cartão de crédito
2026-09-03 01:51:10.651768;1860;Porto Alegre;Mariana Gomes;Notebook Dell Inspiron;Frank Zamora;masculino;cartão de crédito
2026-09-03 05:51:13.246112;1861;Rio de Janeiro;Pedro Souza;Smartphone Samsung Galaxy;Elizabeth Skaggs;feminino;pix
2026-09-04 02:25:12.792079;1862;Florianópolis;Tiago Lima;Notebook Dell Inspiron;Henry Silverman;masculino;pix
2026-09-04 02:59:13.106566;1863;Rio de Janeiro;Juliana Almeida;Tablet Apple Ipad;Aretha Jacobs;feminino;boleto
2026-09-04 03:03:10.102746;1864;Belo Horizonte;Carlos Silva;Notebook Dell Inspiron;Charlene Spires;feminino;cartão de crédito
2026-09-04 03:15:12.431515;1865;Belo Horizonte;Fernanda Costa;Fone de Ouvido Sony;Philip Duncan;masculino;pix
2026-09-04 04:33:10.583549;1866;Porto Alegre;Mariana Gomes;Notebook Dell Inspiron;Ann May;feminino;cartão de crédito
2026-09-04 19:41:06.278458;1867;Florianópolis;Tiago Lima;Smartphone Samsung Galaxy;Clyde Wall;masculino;boleto
2026-09-04 22:31:07.307981;1868;Belo Horizonte;Fernanda Costa;Notebook Dell Inspiron;Melissa Tenney;feminino;dinheiro
2026-09-04 22:50:12.086936;1869;Rio de Janeiro;Pedro Souza;Tablet Apple Ipad;Marie Herring;feminino;cartão de crédito
2026-09-05 00:56:10.045910;1870;Rio de Janeiro;Juliana Almeida;Fone de Ouvido Sony;Hugh Tharp;masculino;dinheiro
2026-09-05 01:53:11.318905;1871;Belo Horizonte;Fernanda Costa;Smartphone Samsung Galaxy;Jarrod Cook;masculino;dinheiro
2026-09-05 03:35:08.971515;1872;Rio de Janeiro;Juliana Almeida;Fone de Ouvido Sony;Jessica Dalton;feminino;cartão de crédito
2026-09-05 04:54:06.041727;1873;Florianópolis;Gabriela Santos;Smartwatch Garmin;Eric Fredrick;masculino;pix
2026-09-05 21:12:07.194800;1874;São Paulo;Ana Oliveira;Tablet Apple Ipad;Leslie Ables;feminino;cartão de crédito
2026-09-05 21:12:08.749788;1875;Belo Horizonte;Carlos Silva;Tablet Apple Ipad;Suzanne Smith;feminino;boleto
2026-09-05 21:55:05.279919;1876;São Paulo;Lucas Pereira;Smartphone Samsung Galaxy;Aron Bird;masculino;dinheiro
2026-09-05 23:26:12.855200;1877;Rio de Janeiro;Pedro Souza;Notebook Dell Inspiron;Herman Solano;masculino;cartão de crédito
2026-09-06 01:08:06.100181;1878;Belo Horizonte;Fernanda Costa;Tablet Apple Ipad;Richard Henry;masculino;cartão de crédito
2026-09-06 02:25:07.404007;1879;Belo Horizonte;Fernanda Costa;Fone de Ouvido Sony;Floyd Barnett;masculino;pix
2026-09-06 04:09:07.845166;1880;São Paulo;Lucas Pereira;Fone de Ouvido Sony;Andrew Chizmar;masculino;boleto
2026-09-06 05:13:08.115124;1881;Florianópolis;Tiago Lima;Notebook Dell Inspiron;Yadira Suttles;feminino;cartão de crédito
2026-09-06 05:31:08.007254;1882;São Paulo;Lucas Pereira;Fone de Ouvido Sony;Scott Solano;masculino;cartão de crédito
2026-09-06 20:05:10.537208;1883;São Paulo;Ana Oliveira;Fone de Ouvido Sony;James Jarecki;masculino;cartão de crédito
2026-09-06 21:30:13.248048;1884;Belo Horizonte;Fernanda Costa;Smartwatch Garmin;Joseph Reed;masculino;cartão de crédito
2026-09-06 22:08:05.084352;1885;Porto Alegre;Mariana Gomes;Smartwatch Garmin;Martha Robert;feminino;pix
2026-09-06 22:40:07.787806;1886;São Paulo;Lucas Pereira;Notebook Dell Inspiron;Lawrence Anthony;masculino;cartão de crédito
2026-09-06 23:43:12.847266;1887;Florianópolis;Gabriela Santos;Smartphone Samsung Galaxy;Janice Smith;feminino;boleto
2026-09-07 05:24:09.372886;1888;Florianópolis;Gabriela Santos;Fone de Ouvido Sony;Constance Mullins;feminino;dinheiro
2026-09-07 20:20:13.687137;1889;Florianópolis;Tiago Lima;Fone de Ouvido Sony;Charles Jones;masculino;cartão de crédito
2026-09-07 23:49:10.523504;1890;São Paulo;Ana Oliveira;Tablet Apple Ipad;James Williamson;masculino;cartão de crédito
2026-09-07 23:56:11.262584;1891;São Paulo;Ana Oliveira;Fone de Ouvido Sony;Penni Hightower;feminino;pix
2026-09-08 02:02:09.087340;1892;Rio de Janeiro;Juliana Almeida;Notebook Dell Inspiron;Christine White;feminino;cartão de crédito
2026-09-08 19:45:12.348545;1893;Belo Horizonte;Carlos Silva;Smartwatch Garmin;Julius Olson;masculino;pix
2026-09-08 20:09:11.359548;1894;Florianópolis;Tiago Lima;Fone de Ouvido Sony;Christopher Stupak;masculino;boleto
2026-09-08 23:49:11.320049;1895;São Paulo;Lucas Pereira;Smartphone Samsung Galaxy;Doris Rosenau;feminino;dinheiro
2026-09-09 00:34:07.406982;1896;Rio de Janeiro;Juliana Almeida;Notebook Dell Inspiron;Lilia Angulo;feminino;dinheiro
2026-09-09 01:01:13.935072;1897;Florianópolis;Tiago Lima;Smartphone Samsung Galaxy;Patrick Jankowski;masculino;cartão de crédito
2026-09-09 05:26:06.290417;1898;Belo Horizonte;Carlos Silva;Smartphone Samsung Galaxy;Margaret Ibara;feminino;dinheiro
2026-09-09 05:30:12.694790;1899;Porto Alegre;Mariana Gomes;Smartwatch Garmin;Veronica Moore;feminino;pix
2026-09-09 05:35:06.535737;1900;Porto Alegre;Roberto Ferreira;Tablet Apple Ipad;Beatrice Battee;feminino;dinheiro
2026-09-09 19:26:07.389760;1901;Rio de Janeiro;Pedro Souza;Tablet Apple Ipad;Wilhelmina Pettis;feminino;boleto
2026-09-09 20:23:13.764460;1902;Florianópolis;Tiago Lima;Smartphone Samsung Galaxy;Lisa Ward;feminino;cartão de crédito
2026-09-10 01:55:10.523828;1903;Rio de Janeiro;Juliana Almeida;Smartphone Samsung Galaxy;Barbara Hilliard;feminino;boleto
2026-09-10 02:55:13.685284;1904;São Paulo;Ana Oliveira;Tablet Apple Ipad;Samuel Rousseau;masculino;boleto
2026-09-10 03:33:12.318710;1905;São Paulo;Lucas Pereira;Fone de Ouvido Sony;Sheila Robinson;feminino;pix
2026-09-10 05:07:08.963828;1906;Belo Horizonte;Fernanda Costa;Notebook Dell Inspiron;John Sherman;masculino;pix
2026-09-10 19:12:06.936122;1907;Belo Horizonte;Carlos Silva;Tablet Apple Ipad;Cindy Rosario;feminino;pix
2026-09-10 21:39:10.816186;1908;Rio de Janeiro;Pedro Souza;Tablet Apple Ipad;James Godine;masculino;pix
2026-09-10 23:36:12.394249;1909;Porto Alegre;Mariana Gomes;Fone de Ouvido Sony;Kimberly Beard;feminino;boleto
2026-09-11 05:20:06.749605;1910;Rio de Janeiro;Juliana Almeida;Fone de Ouvido Sony;Paul Augustine;masculino;dinheiro
2026-09-11 19:45:04.811792;1911;Florianópolis;Tiago Lima;Notebook Dell Inspiron;Stephen Jackson;masculino;boleto
2026-09-11 23:32:05.214867;1912;Rio de Janeiro;Pedro Souza;Smartwatch Garmin;Savannah Sullivan;feminino;pix
2026-09-11 23:33:06.839455;1913;Porto Alegre;Mariana Gomes;Smartwatch Garmin;Melissa Forrest;feminino;cartão de crédito
2026-09-11 23:48:05.777995;1914;Florianópolis;Gabriela Santos;Smartwatch Garmin;Brigette Cox;feminino;cartão de crédito
2026-09-12 01:23:13.467840;1915;São Paulo;Ana Oliveira;Notebook Dell Inspiron;Amber Nelson;feminino;pix
2026-09-12 01:24:11.426236;1916;Belo Horizonte;Fernanda Costa;Tablet Apple Ipad;Garry Burkett;masculino;pix
2026-09-12 01:55:06.491617;1917;Porto Alegre;Mariana Gomes;Smartwatch Garmin;Nancy Johnson;feminino;boleto
2026-09-12 02:52:07.670870;1918;Belo Horizonte;Fernanda Costa;Notebook Dell Inspiron;Dorothy Myers;feminino;boleto
2026-09-12 22:01:13.755589;1919;Belo Horizonte;Carlos Silva;Notebook Dell Inspiron;Bruce Evans;masculino;cartão de crédito
2026-09-12 22:41:11.121329;1920;Florianópolis;Tiago Lima;Tablet Apple Ipad;Olivia Cadorette;feminino;pix
2026-09-12 22:42:10.578881;1921;São Paulo;Ana Oliveira;Fone de Ouvido Sony;Shelley Nguyen;feminino;cartão de crédito
2026-09-12 23:04:06.515283;1922;Rio de Janeiro;Pedro Souza;Fone de Ouvido Sony;Jacqueline Brewster;feminino;dinheiro
2026-09-13 04:01:05.776170;1923;Rio de Janeiro;Juliana Almeida;Smartphone Samsung Galaxy;Jan Doherty;feminino;dinheiro
2026-09-13 05:26:09.723806;1924;São Paulo;Lucas Pereira;Smartwatch Garmin;Laura Langdon;feminino;boleto
2026-09-13 19:06:10.241937;1925;Florianópolis;Tiago Lima;Smartwatch Garmin;Fred Newman;masculino;dinheiro
2026-09-13 21:34:12.263013;1926;Florianópolis;Gabriela Santos;Tablet Apple Ipad;Iris Wade;feminino;pix
2026-09-14 00:51:09.817347;1927;Porto Alegre;Roberto Ferreira;Notebook Dell Inspiron;Harvey Eck;masculino;pix
2026-09-14 03:34:10.951428;1928;Florianópolis;Gabriela Santos;Tablet Apple Ipad;Sheryll Freeman;feminino;pix
2026-09-14 05:25:11.582167;1929;São Paulo;Lucas Pereira;Fone de Ouvido Sony;Ned Gann;masculino;pix
2026-09-14 20:24:09.942357;1930;Porto Alegre;Roberto Ferreira;Smartwatch Garmin;Cody Harris;masculino;pix
2026-09-15 01:34:12.793883;1931;Belo Horizonte;Carlos Silva;Tablet Apple Ipad;Michael Bracey;masculino;pix
2026-09-15 04:29:07.523028;1932;Rio de Janeiro;Juliana Almeida;Fone de Ouvido Sony;Joanne Young;feminino;boleto
2026-09-15 04:55:11.056820;1933;Rio de Janeiro;Juliana Almeida;Tablet Apple Ipad;Alan Horton;masculino;boleto
2026-09-15 05:08:10.047368;1934;Rio de Janeiro;Juliana Almeida;Smartphone Samsung Galaxy;Edmund Walker;masculino;boleto
2026-09-15 20:08:05.534193;1935;Porto Alegre;Roberto Ferreira;Smartphone Samsung Galaxy;Herbert Sandford;masculino;dinheiro
2026-09-15 20:11:08.976791;1936;Belo Horizonte;Fernanda Costa;Smartphone Samsung Galaxy;Ardell Jaudon;feminino;dinheiro
2026-09-16 03:57:11.721384;1937;Belo Horizonte;Carlos Silva;Smartwatch Garmin;Misty Moses;feminino;cartão de crédito
2026-09-16 05:33:13.195134;1938;Porto Alegre;Roberto Ferreira;Smartphone Samsung Galaxy;Thomas Vela;masculino;dinheiro
2026-09-16 21:07:10.749376;1939;Porto Alegre;Roberto Ferreira;Tablet Apple Ipad;James Borek;masculino;boleto
2026-09-16 22:12:10.571455;1940;Florianópolis;Gabriela Santos;Notebook Dell Inspiron;Colleen Coronado;feminino;dinheiro
2026-09-17 05:13:14.116638;1941;Florianópolis;Tiago Lima;Notebook Dell Inspiron;Douglas Sewell;masculino;pix
2026-09-17 05:30:10.737223;1942;Porto Alegre;Mariana Gomes;Tablet Apple Ipad;James Breuer;masculino;dinheiro
2026-09-17 19:28:11.439748;1943;Belo Horizonte;Carlos Silva;Smartwatch Garmin;Bridgette Craft;feminino;cartão de crédito
2026-09-17 22:00:11.064779;1944;Rio de Janeiro;Pedro Souza;Fone de Ouvido Sony;Michael Gibbs;masculino;dinheiro
2026-09-17 22:53:06.809982;1945;São Paulo;Lucas Pereira;Smartwatch Garmin;Eric Hanna;masculino;dinheiro
2026-09-18 00:03:05.682769;1946;Porto Alegre;Roberto Ferreira;Fone de Ouvido Sony;Darryl Sheehan;masculino;dinheiro
2026-09-18 02:05:08.369052;1947;Belo Horizonte;Carlos Silva;Smartphone Samsung Galaxy;Louise Manheim;feminino;cartão de crédito
2026-09-18 03:05:12.925651;1948;Rio de Janeiro;Juliana Almeida;Smartphone Samsung Galaxy;Mike Lassiter;masculino;cartão de crédito
2026-09-18 21:01:12.029252;1949;Florianópolis;Tiago Lima;Smartwatch Garmin;Charles Johnson;masculino;boleto
2026-09-18 23:25:11.502613;1950;Porto Alegre;Roberto Ferreira;Notebook Dell Inspiron;Ernest Mendez;masculino;boleto
2026-09-18 23:55:10.799871;1951;Florianópolis;Gabriela Santos;Smartphone Samsung Galaxy;Brandon Delavega;masculino;pix
2026-09-19 02:24:08.669346;1952;Belo Horizonte;Fernanda Costa;Smartwatch Garmin;Candace Figueroa;feminino;dinheiro
2026-09-19 04:22:07.056968;1953;Belo Horizonte;Carlos Silva;Tablet Apple Ipad;Ashley Moody;feminino;pix
2026-09-19 19:55:08.767307;1954;São Paulo;Lucas Pereira;Fone de Ouvido Sony;Paul Martinez;masculino;cartão de crédito
2026-09-19 20:35:12.695949;1955;Rio de Janeiro;Pedro Souza;Notebook Dell Inspiron;Joshua Shipp;masculino;pix
2026-09-19 21:02:13.553981;1956;Porto Alegre;Roberto Ferreira;Fone de Ouvido Sony;Elizabeth Hamrick;feminino;dinheiro
2026-09-20 02:09:14.011490;1957;Porto Alegre;Mariana Gomes;Smartwatch Garmin;Lois Keitel;feminino;dinheiro
2026-09-20 03:43:07.832591;1958;Belo Horizonte;Carlos Silva;Fone de Ouvido Sony;Carrie Battle;feminino;cartão de crédito
2026-09-20 04:02:12.267317;1959;Belo Horizonte;Fernanda Costa;Smartwatch Garmin;Mayra Cramer;feminino;dinheiro
2026-09-20 19:58:05.774596;1960;Rio de Janeiro;Juliana Almeida;Smartwatch Garmin;Nancy Marcus;feminino;dinheiro
2026-09-20 22:19:12.630465;1961;São Paulo;Ana Oliveira;Fone de Ouvido Sony;Sueann Mcbratney;feminino;cartão de crédito
2026-09-21 01:24:12.359657;1962;Rio de Janeiro;Pedro Souza;Smartphone Samsung Galaxy;Daphne Williams;feminino;dinheiro
2026-09-21 04:18:12.410916;1963;Rio de Janeiro;Juliana Almeida;Smartphone Samsung Galaxy;Mary Hadley;feminino;dinheiro
2026-09-21 05:13:11.871179;1964;Florianópolis;Tiago Lima;Fone de Ouvido Sony;Kevin Rehrig;masculino;dinheiro
2026-09-21 20:31:12.167996;1965;Porto Alegre;Roberto Ferreira;Smartphone Samsung Galaxy;Jessica Ross;feminino;boleto
2026-09-21 23:03:13.175993;1966;Belo Horizonte;Fernanda Costa;Notebook Dell Inspiron;Suzanne Kmiecik;feminino;cartão de crédito
2026-09-21 23:11:05.692148;1967;Rio de Janeiro;Juliana Almeida;Smartphone Samsung Galaxy;Henry Davis;masculino;boleto
2026-09-22 01:55:05.903632;1968;Florianópolis;Tiago Lima;Notebook Dell Inspiron;Quentin Moore;masculino;dinheiro
2026-09-22 03:07:12.164216;1969;Florianópolis;Gabriela Santos;Tablet Apple Ipad;Martha Hernandez;feminino;dinheiro
2026-09-22 03:11:08.484938;1970;São Paulo;Ana Oliveira;Smartphone Samsung Galaxy;Kenneth Torres;masculino;dinheiro
2026-09-22 03:26:07.778740;1971;Porto Alegre;Roberto Ferreira;Smartphone Samsung Galaxy;Jeremy Bertrand;masculino;pix
2026-09-22 05:22:14.043881;1972;Florianópolis;Gabriela Santos;Fone de Ouvido Sony;Bryan Duncan;masculino;boleto
2026-09-22 19:55:07.577647;1973;Porto Alegre;Roberto Ferreira;Smartphone Samsung Galaxy;Carolyn Ellard;feminino;pix
2026-09-22 20:02:11.285718;1974;São Paulo;Lucas Pereira;Notebook Dell Inspiron;James Walker;masculino;boleto
2026-09-22 21:42:05.496571;1975;Belo Horizonte;Fernanda Costa;Smartwatch Garmin;John Gaeta;masculino;dinheiro
2026-09-23 03:55:13.171974;1976;Rio de Janeiro;Pedro Souza;Smartwatch Garmin;Marc Gailey;masculino;pix
2026-09-24 03:03:07.208713;1977;Porto Alegre;Roberto Ferreira;Smartphone Samsung Galaxy;Sonja Almaguer;feminino;pix
2026-09-24 03:57:07.397742;1978;Florianópolis;Tiago Lima;Fone de Ouvido Sony;Anne Malveaux;feminino;boleto
2026-09-24 18:58:05.868595;1979;Rio de Janeiro;Pedro Souza;Fone de Ouvido Sony;Archie Lien;masculino;cartão de crédito
2026-09-24 21:14:05.345984;1980;Porto Alegre;Mariana Gomes;Tablet Apple Ipad;Maria Wasmund;feminino;pix
2026-09-24 21:49:14.393894;1981;São Paulo;Lucas Pereira;Fone de Ouvido Sony;Cynthia Darnell;feminino;pix
2026-09-24 21:51:13.340673;1982;Rio de Janeiro;Juliana Almeida;Smartwatch Garmin;Carlos Kellar;masculino;dinheiro
2026-09-24 22:25:05.542254;1983;São Paulo;Lucas Pereira;Fone de Ouvido Sony;Carol Williams;feminino;cartão de crédito
2026-09-24 23:53:10.986546;1984;São Paulo;Ana Oliveira;Smartwatch Garmin;Irma Skinner;feminino;dinheiro
2026-09-25 01:08:08.243272;1985;Belo Horizonte;Fernanda Costa;Notebook Dell Inspiron;Jason Witte;masculino;pix
2026-09-25 02:56:13.645305;1986;São Paulo;Lucas Pereira;Fone de Ouvido Sony;Luke Greene;masculino;dinheiro
2026-09-25 04:58:10.808299;1987;Florianópolis;Tiago Lima;Tablet Apple Ipad;Douglas Billingsley;masculino;cartão de crédito
2026-09-25 05:10:05.799116;1988;Porto Alegre;Roberto Ferreira;Fone de Ouvido Sony;Flora Morris;feminino;boleto
2026-09-25 19:20:10.287016;1989;São Paulo;Lucas Pereira;Notebook Dell Inspiron;Felix Pires;masculino;boleto
2026-09-25 21:21:09.864700;1990;Florianópolis;Tiago Lima;Smartphone Samsung Galaxy;Michael Baine;masculino;cartão de crédito
2026-09-26 00:47:08.647391;1991;Porto Alegre;Mariana Gomes;Fone de Ouvido Sony;Cecil Tidwell;feminino;pix
2026-09-26 03:16:14.160978;1992;São Paulo;Lucas Pereira;Smartwatch Garmin;Albert Peek;masculino;cartão de crédito
2026-09-26 19:34:08.012139;1993;Rio de Janeiro;Pedro Souza;Smartwatch Garmin;Ollie Washington;masculino;pix
2026-09-26 22:51:06.503360;1994;São Paulo;Ana Oliveira;Smartwatch Garmin;Nancy Mccloud;feminino;boleto
2026-09-27 00:17:07.658289;1995;Rio de Janeiro;Pedro Souza;Notebook Dell Inspiron;Amy Thomas;feminino;cartão de crédito
2026-09-27 00:23:10.597278;1996;Belo Horizonte;Fernanda Costa;Smartphone Samsung Galaxy;Ellis Lavin;masculino;dinheiro
2026-09-27 00:23:13.640910;1997;Florianópolis;Gabriela Santos;Fone de Ouvido Sony;Daniel Rochelle;masculino;cartão de crédito
2026-09-27 00:50:05.775795;1998;Porto Alegre;Mariana Gomes;Fone de Ouvido Sony;Joseph Soto;masculino;boleto
2026-09-27 01:04:09.628024;1999;Belo Horizonte;Carlos Silva;Smartwatch Garmin;Robert Reyna;masculino;boleto
